Area/volume,Max/min,org_coating_HAcceptors,org_coating_LogP,common_spin,Eff_anisotropy_const,Magnetic_anisotropy,Magnetocrystalline_anisotropy,Anisotropy constant ,Crystalline,MAE,Curie_temperature,Spehricity,Exchange_constant,Electronegativity core,Space group,Demagnetization_factors,Saturation_magnetization,Coercivity,Remanence_magnetization,Interdomain_coupling,M_magnetic_susceptibility
0.214,0.000,0.000,0.330,0.367,-0.912,0.005,0.002,0.108,0.000,0.050,0.387,1.000,0.634,0.865,0.733,1.000,0.037,0.226,0.138,0.038,0.000
0.211,0.000,0.778,0.000,0.400,1.163,0.034,0.041,0.003,0.000,0.750,0.457,1.000,0.636,0.861,1.000,1.000,0.026,-5.199,0.000,0.000,1.000
0.217,0.000,0.778,0.000,0.400,1.163,0.034,0.041,0.005,0.000,0.750,0.404,1.000,0.636,0.861,1.000,1.000,0.026,-5.199,0.000,0.000,1.000
0.176,0.000,0.111,0.653,0.400,0.538,0.034,0.083,0.245,1.000,1.000,0.457,1.000,0.475,0.862,1.000,1.000,0.098,1.177,0.077,0.038,1.000
0.176,0.000,0.111,0.653,0.400,0.538,0.034,0.083,0.245,1.000,1.000,0.457,1.000,0.475,0.862,1.000,1.000,0.115,0.385,0.493,0.038,1.000
0.250,0.000,0.000,0.330,0.400,1.707,0.000,0.110,0.245,0.000,0.000,0.387,1.000,0.636,0.862,1.000,1.000,0.109,0.347,0.464,1.000,1.000
0.250,0.000,0.000,0.330,0.400,1.707,0.000,0.110,0.245,0.000,0.000,0.387,1.000,0.636,0.862,1.000,1.000,0.109,0.347,0.464,1.000,1.000
0.250,0.000,0.000,0.330,0.400,1.707,0.000,0.110,0.245,0.000,0.000,0.387,1.000,0.636,0.862,1.000,1.000,0.109,0.347,0.464,1.000,1.000
0.211,0.000,0.778,0.000,0.400,1.163,0.034,0.083,0.245,0.000,0.750,0.457,1.000,0.475,0.862,1.000,1.000,0.026,-5.199,0.000,0.038,1.000
0.079,0.000,0.000,0.330,0.404,0.295,0.008,0.002,0.067,0.000,0.287,0.488,1.000,0.634,0.857,1.000,1.000,0.124,-5.199,0.000,0.038,0.267
0.158,0.000,0.111,0.653,0.400,0.453,0.034,0.158,0.339,0.000,1.000,0.457,1.000,0.475,0.864,1.000,1.000,0.085,0.924,0.058,0.038,1.000
0.158,0.000,0.111,0.653,0.400,0.453,0.034,0.158,0.339,0.000,1.000,0.457,1.000,0.475,0.864,1.000,1.000,0.085,0.924,0.044,0.038,1.000
0.166,0.000,0.000,0.330,0.400,1.707,0.000,0.155,0.339,0.000,0.000,0.387,1.000,0.636,0.864,1.000,1.000,0.112,0.414,0.500,1.000,1.000
0.166,0.000,0.000,0.330,0.400,1.707,0.000,0.155,0.339,0.000,0.000,0.387,1.000,0.636,0.864,1.000,1.000,0.112,0.414,0.500,1.000,1.000
0.166,0.000,0.000,0.330,0.400,1.707,0.000,0.322,0.339,0.000,0.000,0.387,1.000,0.636,0.864,1.000,1.000,0.112,0.414,0.500,1.000,1.000
0.125,0.000,0.000,0.330,0.400,1.707,0.034,0.322,0.660,0.000,0.750,0.365,1.000,0.636,0.866,1.000,1.000,0.103,0.474,0.479,1.000,1.000
0.125,0.000,0.000,0.330,0.400,1.707,0.000,0.322,0.080,0.000,0.000,0.387,1.000,0.636,0.866,1.000,1.000,0.103,0.474,0.479,1.000,1.000
0.125,0.000,0.000,0.330,0.400,1.707,0.000,0.322,0.080,0.000,0.000,0.387,1.000,0.636,0.866,1.000,1.000,0.103,0.474,0.479,1.000,1.000
0.111,0.000,0.111,0.653,0.400,0.622,0.034,0.038,0.693,0.000,1.000,0.311,1.000,0.636,0.867,1.000,1.000,0.080,0.338,0.286,1.000,1.000
0.111,0.000,0.111,0.653,0.400,0.622,0.034,0.038,0.693,0.000,1.000,0.311,1.000,0.636,0.867,1.000,1.000,0.093,1.459,0.143,1.000,1.000
0.111,0.000,0.111,0.653,0.400,0.622,0.034,0.038,0.693,0.000,1.000,0.311,1.000,0.636,0.867,1.000,1.000,0.093,1.459,0.143,1.000,1.000
0.111,0.000,0.111,0.653,0.400,0.622,0.034,0.038,0.693,0.000,1.000,0.311,1.000,0.636,0.867,1.000,1.000,0.093,1.459,0.143,1.000,1.000
0.111,0.000,0.111,0.653,0.400,0.622,0.034,0.038,0.693,0.000,1.000,0.311,1.000,0.636,0.867,1.000,1.000,0.093,1.459,0.143,1.000,1.000
0.111,0.000,0.111,0.653,0.400,0.622,0.034,0.038,0.693,0.000,1.000,0.311,1.000,0.636,0.867,1.000,1.000,0.093,1.459,0.143,1.000,1.000
0.111,0.000,0.111,0.653,0.400,0.622,0.034,0.038,0.693,0.000,1.000,0.311,1.000,0.636,0.867,1.000,1.000,0.065,1.329,0.107,1.000,1.000
0.111,0.000,0.111,0.653,0.400,0.622,0.034,0.038,0.693,0.000,1.000,0.311,1.000,0.636,0.867,1.000,1.000,0.065,1.329,0.107,1.000,1.000
0.111,0.000,0.111,0.653,0.400,0.622,0.034,0.038,0.693,0.000,1.000,0.311,1.000,0.636,0.867,1.000,1.000,0.065,1.329,0.107,1.000,1.000
0.111,0.000,0.111,0.653,0.400,0.622,0.034,0.038,0.693,0.000,1.000,0.311,1.000,0.636,0.867,1.000,1.000,0.065,1.329,0.107,1.000,1.000
0.111,0.000,0.111,0.653,0.400,0.622,0.034,0.038,0.693,0.000,1.000,0.311,1.000,0.636,0.867,1.000,1.000,0.065,1.329,0.107,1.000,1.000
0.111,0.000,0.111,0.653,0.400,0.622,0.034,0.038,0.693,0.000,1.000,0.311,1.000,0.636,0.867,1.000,1.000,0.070,1.459,0.143,1.000,1.000
0.111,0.000,0.111,0.653,0.400,0.622,0.034,0.038,0.693,0.000,1.000,0.311,1.000,0.636,0.867,1.000,1.000,0.070,1.459,0.143,1.000,1.000
0.111,0.000,0.111,0.653,0.400,0.622,0.034,0.038,0.693,0.000,1.000,0.311,1.000,0.636,0.867,1.000,1.000,0.070,1.459,0.143,1.000,1.000
0.111,0.000,0.111,0.653,0.400,0.622,0.034,0.038,0.693,0.000,1.000,0.311,1.000,0.636,0.867,1.000,1.000,0.070,1.459,0.143,1.000,1.000
0.111,0.000,0.111,0.653,0.400,0.622,0.034,0.038,0.693,0.000,1.000,0.311,1.000,0.636,0.867,1.000,1.000,0.064,1.329,0.110,1.000,1.000
0.111,0.000,0.111,0.653,0.400,0.622,0.034,0.038,0.693,0.000,1.000,0.311,1.000,0.636,0.867,1.000,1.000,0.064,1.329,0.110,1.000,1.000
0.111,0.000,0.111,0.653,0.400,0.622,0.034,0.038,0.693,0.000,1.000,0.311,1.000,0.636,0.867,1.000,1.000,0.064,1.329,0.110,1.000,1.000
0.111,0.000,0.111,0.653,0.400,0.622,0.034,0.038,0.693,0.000,1.000,0.311,1.000,0.636,0.867,1.000,1.000,0.064,1.329,0.110,1.000,1.000
0.111,0.000,0.111,0.653,0.400,0.622,0.034,0.038,0.693,0.000,1.000,0.311,1.000,0.636,0.867,1.000,1.000,0.064,1.329,0.110,1.000,1.000
0.111,0.000,0.111,0.653,0.400,0.622,0.034,0.038,0.693,0.000,1.000,0.311,1.000,0.636,0.867,1.000,1.000,0.093,1.459,0.143,1.000,1.000
0.111,0.000,0.111,0.653,0.400,0.622,0.034,0.038,0.693,0.000,1.000,0.311,1.000,0.636,0.867,1.000,1.000,0.084,0.439,0.308,1.000,1.000
0.111,0.000,0.111,0.653,0.400,0.622,0.034,0.038,0.693,0.000,1.000,0.311,1.000,0.636,0.867,1.000,1.000,0.084,0.439,0.308,1.000,1.000
0.111,0.000,0.111,0.653,0.400,0.622,0.034,0.038,0.693,0.000,1.000,0.311,1.000,0.636,0.867,1.000,1.000,0.084,0.439,0.308,1.000,1.000
0.111,0.000,0.111,0.653,0.400,0.622,0.034,0.038,0.693,0.000,1.000,0.311,1.000,0.636,0.867,1.000,1.000,0.084,0.439,0.308,1.000,1.000
0.111,0.000,0.111,0.653,0.400,0.622,0.034,0.038,0.693,0.000,1.000,0.311,1.000,0.636,0.867,1.000,1.000,0.084,0.439,0.308,1.000,1.000
0.111,0.000,0.111,0.653,0.400,0.622,0.034,0.038,0.693,0.000,1.000,0.311,1.000,0.636,0.867,1.000,1.000,0.084,0.439,0.308,1.000,1.000
0.136,0.000,0.111,0.653,0.400,0.512,0.034,0.038,0.693,0.000,1.000,0.299,1.000,0.636,0.867,1.000,1.000,0.074,0.459,0.286,1.000,1.000
0.136,0.000,0.111,0.653,0.400,0.512,0.034,0.038,0.693,0.000,1.000,0.299,1.000,0.636,0.867,1.000,1.000,0.081,0.258,0.300,1.000,1.000
0.136,0.000,0.111,0.653,0.400,0.512,0.034,0.038,0.693,0.000,1.000,0.299,1.000,0.636,0.867,1.000,1.000,0.093,0.366,0.286,1.000,1.000
0.136,0.000,0.111,0.653,0.400,0.512,0.034,0.038,0.693,0.000,1.000,0.299,1.000,0.636,0.867,1.000,1.000,0.070,1.459,0.143,1.000,1.000
0.136,0.000,0.111,0.653,0.400,0.512,0.034,0.038,0.693,0.000,1.000,0.299,1.000,0.636,0.867,1.000,1.000,0.080,0.366,0.286,1.000,1.000
0.136,0.000,0.111,0.653,0.400,0.512,0.034,0.038,0.693,0.000,1.000,0.299,1.000,0.636,0.867,1.000,1.000,0.084,0.439,0.308,1.000,1.000
0.125,0.000,0.000,0.330,0.400,2.071,0.000,0.038,0.669,0.000,0.760,0.289,1.000,0.636,0.869,0.618,1.000,0.108,-5.199,0.000,0.000,0.067
0.125,0.000,0.000,0.330,0.400,2.071,0.000,0.038,0.669,0.000,0.760,0.289,1.000,0.636,0.869,0.618,1.000,0.108,-5.199,0.000,0.000,0.067
0.125,0.000,0.000,0.330,0.400,2.071,0.000,0.038,0.669,0.000,0.760,0.289,1.000,0.636,0.869,0.618,1.000,0.108,-5.199,0.000,0.000,0.067
0.125,0.000,0.000,0.330,0.400,2.071,0.000,0.038,0.669,0.000,0.760,0.289,1.000,0.636,0.869,0.618,1.000,0.108,-5.199,0.000,0.000,0.067
0.125,0.000,0.000,0.330,0.400,2.071,0.000,0.038,0.669,0.000,0.760,0.289,1.000,0.636,0.869,0.618,1.000,0.108,-5.199,0.000,0.000,0.067
0.125,0.000,0.111,0.944,0.400,2.071,0.000,0.038,0.669,0.000,0.760,0.289,1.000,0.636,0.869,0.618,1.000,0.102,-5.199,0.000,0.000,0.067
0.125,0.000,0.111,0.944,0.400,2.071,0.000,0.038,0.669,0.000,0.760,0.289,1.000,0.636,0.869,0.618,1.000,0.102,-5.199,0.000,0.000,0.067
0.125,0.000,0.111,0.944,0.400,2.071,0.000,0.038,0.669,0.000,0.760,0.289,1.000,0.636,0.869,0.618,1.000,0.102,-5.199,0.000,0.000,0.067
0.125,0.000,0.111,0.944,0.400,2.071,0.000,0.038,0.669,0.000,0.760,0.289,1.000,0.636,0.869,0.618,1.000,0.102,-5.199,0.000,0.000,0.067
0.125,0.000,0.111,0.944,0.400,2.071,0.000,0.038,0.669,0.000,0.760,0.289,1.000,0.636,0.869,0.618,1.000,0.102,-5.199,0.000,0.000,0.067
0.136,0.000,0.000,0.330,0.400,0.224,0.000,0.002,0.669,0.000,0.760,0.289,1.000,0.636,0.869,1.000,1.000,0.065,0.798,0.054,0.000,0.067
0.136,0.000,0.000,0.330,0.400,0.224,0.000,0.002,0.669,0.000,0.760,0.289,1.000,0.636,0.869,1.000,1.000,0.065,0.798,0.054,0.000,0.067
0.136,0.000,0.000,0.330,0.400,0.224,0.000,0.002,0.669,0.000,0.760,0.289,1.000,0.636,0.869,1.000,1.000,0.065,0.798,0.054,0.000,0.067
0.195,0.000,0.000,0.330,0.400,0.224,0.000,0.002,0.669,0.000,0.760,0.289,1.000,0.636,0.869,1.000,1.000,0.082,0.752,0.066,0.000,0.067
0.195,0.000,0.000,0.330,0.400,0.224,0.000,0.002,0.669,0.000,0.760,0.289,1.000,0.636,0.869,1.000,1.000,0.082,0.752,0.066,0.000,0.067
0.195,0.000,0.000,0.330,0.400,0.224,0.000,0.002,0.669,0.000,0.760,0.289,1.000,0.636,0.869,1.000,1.000,0.082,0.752,0.066,0.000,0.067
0.125,0.000,1.000,0.326,0.400,1.707,0.000,0.000,0.669,0.000,0.760,0.289,1.000,0.636,0.869,1.000,1.000,0.074,0.499,0.044,0.000,0.067
0.125,0.000,1.000,0.326,0.400,1.707,0.000,0.000,0.669,0.000,0.760,0.289,1.000,0.636,0.869,1.000,1.000,0.074,0.499,0.044,0.000,0.067
0.125,0.000,1.000,0.326,0.400,1.707,0.000,0.000,0.669,0.000,0.760,0.289,1.000,0.636,0.869,1.000,1.000,0.074,0.499,0.044,0.000,0.067
0.125,0.000,1.000,0.326,0.400,1.707,0.000,0.000,0.669,0.000,0.760,0.289,1.000,0.636,0.869,1.000,1.000,0.074,0.499,0.044,0.000,0.067
0.125,0.000,1.000,0.326,0.400,1.707,0.000,0.000,0.669,0.000,0.760,0.289,1.000,0.636,0.869,1.000,1.000,0.074,0.499,0.044,0.000,0.067
0.375,0.000,0.000,0.330,0.400,0.224,0.000,0.038,0.669,0.000,0.448,0.289,1.000,0.636,0.869,1.000,1.000,0.064,1.112,0.005,0.000,0.067
0.375,0.000,0.000,0.330,0.400,0.224,0.000,0.038,0.669,0.000,0.448,0.289,1.000,0.636,0.869,1.000,1.000,0.064,1.112,0.005,0.000,0.067
0.375,0.000,0.000,0.330,0.400,0.224,0.000,0.038,0.669,0.000,0.448,0.289,1.000,0.636,0.869,1.000,1.000,0.064,1.112,0.005,0.000,0.067
0.195,0.000,0.000,0.330,0.400,0.224,0.000,0.002,0.669,1.000,0.760,0.485,1.000,0.636,0.869,1.000,1.000,0.123,-5.199,0.000,0.000,0.067
0.200,0.000,0.111,0.653,0.400,0.744,0.000,0.002,0.669,1.000,0.760,0.495,1.000,0.636,0.869,1.000,1.000,0.064,0.390,0.286,0.000,0.067
0.326,0.000,0.000,0.330,0.400,1.316,0.000,0.000,0.519,0.000,0.760,0.488,1.000,0.636,0.869,1.000,1.000,0.042,0.226,0.138,0.000,0.067
0.326,0.000,0.000,0.330,0.400,1.316,0.000,0.000,0.519,0.000,0.760,0.488,1.000,0.636,0.869,1.000,1.000,0.042,0.226,0.138,0.000,0.067
0.731,0.000,0.000,0.330,0.933,0.874,0.000,0.040,0.035,0.000,0.448,0.489,0.985,0.636,0.869,1.000,1.000,0.095,2.215,0.234,0.000,0.067
0.217,0.000,0.000,0.330,0.933,0.874,0.000,0.040,0.035,0.000,0.760,0.489,1.000,0.636,0.869,1.000,1.000,0.095,2.215,0.234,0.000,0.067
0.731,0.000,0.000,0.330,0.933,0.874,0.000,0.040,0.035,0.000,0.448,0.489,0.985,0.636,0.869,1.000,1.000,0.095,2.215,0.234,0.000,0.067
0.217,0.000,0.000,0.330,0.933,0.874,0.000,0.040,0.035,0.000,0.760,0.489,1.000,0.636,0.869,1.000,1.000,0.031,1.803,0.060,0.000,0.067
0.122,0.000,0.000,0.330,0.933,0.874,0.000,0.040,0.035,0.000,0.760,0.489,1.000,0.636,0.869,1.000,1.000,0.170,1.945,0.277,0.000,0.067
0.093,0.000,0.000,0.330,0.933,0.874,0.000,0.040,0.035,0.000,0.760,0.489,1.000,0.636,0.869,1.000,1.000,0.061,2.498,0.151,0.000,0.067
0.066,0.000,0.000,0.330,0.933,0.874,0.000,0.040,0.035,0.000,0.760,0.489,1.000,0.636,0.869,1.000,1.000,0.031,1.803,0.060,0.000,0.067
0.122,0.000,0.000,0.330,0.933,0.874,0.000,0.040,0.035,0.000,0.760,0.489,1.000,0.636,0.869,1.000,1.000,0.170,1.945,0.277,0.000,0.067
0.093,0.000,0.000,0.330,0.933,0.874,0.000,0.040,0.035,0.000,0.760,0.489,1.000,0.636,0.869,1.000,1.000,0.061,2.498,0.151,0.000,0.067
0.066,0.000,0.000,0.330,0.933,0.874,0.000,0.040,0.035,0.000,0.760,0.489,1.000,0.636,0.869,1.000,1.000,0.031,1.803,0.060,0.000,0.067
0.214,0.000,0.000,0.330,0.933,0.874,0.000,0.040,0.035,0.000,0.760,0.488,1.000,0.636,0.869,1.000,1.000,0.095,2.215,0.234,0.000,0.067
0.009,0.000,0.000,0.330,0.933,1.707,0.000,0.074,0.669,0.000,0.287,0.488,1.000,0.636,0.869,1.000,1.000,0.133,2.008,0.207,0.000,0.067
0.009,0.000,0.000,0.330,0.933,0.224,0.000,0.074,0.669,0.000,0.287,0.488,1.000,0.636,0.869,1.000,1.000,0.133,2.008,0.207,0.000,0.067
1.000,0.000,0.000,0.330,0.933,0.224,0.000,0.074,0.519,0.000,0.448,0.488,1.000,0.636,0.869,1.000,1.000,0.047,0.881,0.004,0.000,0.067
0.750,0.000,0.000,0.330,0.933,0.224,0.000,0.074,0.519,0.000,0.448,0.488,1.000,0.636,0.869,1.000,1.000,0.060,0.773,0.006,0.000,0.067
0.750,0.000,0.000,0.330,0.933,0.224,0.000,0.074,0.519,0.000,0.448,0.488,1.000,0.636,0.869,1.000,1.000,0.132,1.204,0.041,0.000,0.067
0.750,0.000,0.000,0.330,0.933,1.707,0.000,0.074,0.519,0.000,0.448,0.488,1.000,0.636,0.861,1.000,1.000,0.049,0.842,0.006,0.000,0.067
0.600,0.000,0.000,0.330,0.933,0.224,0.000,0.074,0.519,0.000,0.448,0.488,1.000,0.636,0.869,1.000,1.000,0.080,0.914,0.013,0.000,0.067
0.300,0.000,0.000,0.330,0.933,0.224,0.000,0.074,0.519,0.000,0.448,0.488,1.000,0.636,0.869,1.000,1.000,0.084,-5.199,0.000,0.000,0.067
0.146,0.000,0.000,0.330,0.933,0.224,0.000,0.074,0.519,0.000,0.760,0.488,1.000,0.636,0.869,1.000,1.000,0.176,-5.199,0.000,0.000,0.067
0.261,0.000,0.000,0.330,0.933,0.224,0.000,0.074,0.519,0.000,0.760,0.488,1.000,0.636,0.869,1.000,1.000,0.084,-5.199,0.000,0.000,0.067
0.750,0.000,0.000,0.330,0.933,0.224,0.000,0.000,0.519,0.000,0.448,0.488,1.000,0.636,0.861,1.000,1.000,0.057,0.867,0.005,0.000,0.067
0.075,0.000,0.444,0.230,0.314,1.119,0.008,0.036,0.058,0.000,0.880,0.280,1.000,1.000,0.873,0.618,1.000,0.071,0.249,0.004,0.000,0.267
0.075,0.000,0.444,0.230,0.314,1.119,0.008,0.036,0.058,0.000,0.880,0.280,1.000,1.000,0.873,0.618,1.000,0.071,0.249,0.004,0.000,0.267
0.075,0.000,0.444,0.230,0.314,1.119,0.008,0.036,0.058,0.000,0.880,0.280,1.000,1.000,0.873,0.618,1.000,0.071,0.249,0.004,0.000,0.267
0.003,0.096,0.000,0.330,0.133,1.119,0.008,0.036,0.058,0.000,0.287,0.280,1.000,1.000,0.861,0.618,1.000,0.009,-5.199,0.000,0.019,0.267
0.003,0.096,0.000,0.330,0.133,1.119,0.008,0.036,0.058,0.000,0.287,0.280,1.000,1.000,0.861,0.618,1.000,0.009,-5.199,0.000,0.019,0.267
0.214,0.000,0.000,0.330,0.133,1.119,0.034,0.036,0.058,0.000,1.000,0.280,1.000,1.000,0.861,1.000,1.000,0.038,0.484,0.002,0.000,1.000
0.214,0.000,0.000,0.330,0.133,1.119,0.034,0.036,0.058,0.000,1.000,0.280,1.000,1.000,0.861,1.000,1.000,0.009,0.263,0.002,0.000,1.000
0.187,0.000,0.000,0.330,0.214,0.392,0.258,0.002,0.091,0.000,0.287,0.411,1.000,0.476,0.838,1.000,1.000,0.088,0.786,0.000,0.038,0.267
0.187,0.000,0.000,0.330,0.214,0.392,0.258,0.002,0.091,0.000,0.287,0.411,1.000,0.476,0.838,1.000,1.000,0.088,0.786,0.000,0.038,0.267
0.043,0.000,0.000,0.330,0.400,-0.281,0.000,0.002,0.624,0.000,0.050,0.535,1.000,0.651,0.861,1.000,1.000,0.088,-5.199,0.000,0.038,0.000
0.043,0.000,0.000,0.330,0.400,-0.281,0.000,0.002,0.624,0.000,0.050,0.535,1.000,0.651,0.861,1.000,1.000,0.088,-5.199,0.000,0.038,0.000
0.043,0.000,0.000,0.330,0.400,-0.281,0.000,0.002,0.624,0.000,0.050,0.535,1.000,0.651,0.861,1.000,1.000,0.088,-5.199,0.000,0.038,0.000
0.043,0.000,0.000,0.330,0.400,-0.281,0.000,0.002,0.624,0.000,0.050,0.535,1.000,0.651,0.861,1.000,1.000,0.088,-5.199,0.000,0.038,0.000
0.043,0.000,0.000,0.330,0.400,-0.281,0.000,0.002,0.624,0.000,0.050,0.535,1.000,0.651,0.861,1.000,1.000,0.088,-5.199,0.000,0.038,0.000
0.043,0.000,0.000,0.330,0.400,-0.281,0.000,0.002,0.624,0.000,0.050,0.535,1.000,0.651,0.861,1.000,1.000,0.088,-5.199,0.000,0.038,0.000
0.043,0.000,0.000,0.330,0.400,-0.281,0.000,0.002,0.624,0.000,0.050,0.535,1.000,0.651,0.861,1.000,1.000,0.088,-5.199,0.000,0.038,0.000
0.043,0.000,0.000,0.330,0.400,-0.281,0.000,0.002,0.624,0.000,0.050,0.535,1.000,0.651,0.861,1.000,1.000,0.088,-5.199,0.000,0.038,0.000
0.088,0.000,0.000,0.330,0.400,-0.281,0.000,0.000,0.624,0.000,0.050,0.535,1.000,0.634,0.861,1.000,1.000,0.078,-5.199,0.000,0.038,0.000
0.088,0.000,0.000,0.330,0.400,-0.281,0.000,0.000,0.624,0.000,0.050,0.535,1.000,0.634,0.861,1.000,1.000,0.078,-5.199,0.000,0.038,0.000
0.088,0.000,0.000,0.330,0.400,-0.281,0.000,0.000,0.624,0.000,0.050,0.535,1.000,0.634,0.861,1.000,1.000,0.078,-5.199,0.000,0.038,0.000
0.088,0.000,0.000,0.330,0.400,-0.281,0.000,0.000,0.624,0.000,0.050,0.535,1.000,0.634,0.861,1.000,1.000,0.078,-5.199,0.000,0.038,0.000
0.088,0.000,0.000,0.330,0.400,-0.281,0.000,0.000,0.624,0.000,0.050,0.535,1.000,0.634,0.861,1.000,1.000,0.078,-5.199,0.000,0.038,0.000
0.088,0.000,0.000,0.330,0.400,-0.281,0.000,0.000,0.624,0.000,0.050,0.535,1.000,0.634,0.861,1.000,1.000,0.078,-5.199,0.000,0.038,0.000
0.088,0.000,0.000,0.330,0.400,-0.281,0.000,0.000,0.624,0.000,0.050,0.535,1.000,0.634,0.861,1.000,1.000,0.078,-5.199,0.000,0.038,0.000
0.088,0.000,0.000,0.330,0.400,-0.281,0.000,0.000,0.624,0.000,0.050,0.535,1.000,0.634,0.861,1.000,1.000,0.078,-5.199,0.000,0.038,0.000
0.088,0.000,0.000,0.330,0.400,-0.281,0.000,0.000,0.624,0.000,0.050,0.535,1.000,0.634,0.861,1.000,1.000,0.078,-5.199,0.000,0.038,0.000
0.088,0.000,0.000,0.330,0.400,-0.281,0.000,0.000,0.624,0.000,0.050,0.535,1.000,0.634,0.861,1.000,1.000,0.078,-5.199,0.000,0.038,0.000
0.088,0.000,0.000,0.330,0.400,-0.281,0.000,0.000,0.624,0.000,0.050,0.535,1.000,0.634,0.861,1.000,1.000,0.078,-5.199,0.000,0.038,0.000
0.088,0.000,0.000,0.330,0.400,-0.281,0.000,0.000,0.624,0.000,0.050,0.535,1.000,0.634,0.861,1.000,1.000,0.078,-5.199,0.000,0.038,0.000
0.088,0.000,0.000,0.330,0.400,-0.281,0.000,0.000,0.624,0.000,0.050,0.535,1.000,0.634,0.861,1.000,1.000,0.078,-5.199,0.000,0.038,0.000
0.088,0.000,0.000,0.330,0.400,-0.281,0.000,0.000,0.624,0.000,0.050,0.535,1.000,0.634,0.861,1.000,1.000,0.078,-5.199,0.000,0.038,0.000
0.088,0.000,0.000,0.330,0.400,-0.281,0.000,0.000,0.624,0.000,0.050,0.535,1.000,0.634,0.861,1.000,1.000,0.078,-5.199,0.000,0.038,0.000
0.088,0.000,0.000,0.330,0.400,-0.281,0.000,0.000,0.624,0.000,0.050,0.535,1.000,0.634,0.861,1.000,1.000,0.078,-5.199,0.000,0.038,0.000
0.088,0.000,0.000,0.330,0.400,-0.281,0.000,0.000,0.624,0.000,0.050,0.535,1.000,0.634,0.861,1.000,1.000,0.078,-5.199,0.000,0.038,0.000
0.088,0.000,0.000,0.330,0.400,-0.281,0.000,0.000,0.624,0.000,0.050,0.535,1.000,0.634,0.861,1.000,1.000,0.078,-5.199,0.000,0.038,0.000
0.088,0.000,0.000,0.330,0.400,-0.281,0.000,0.000,0.624,0.000,0.050,0.535,1.000,0.634,0.861,1.000,1.000,0.078,-5.199,0.000,0.038,0.000
0.088,0.000,0.000,0.330,0.400,-0.281,0.000,0.000,0.624,0.000,0.050,0.535,1.000,0.634,0.861,1.000,1.000,0.078,-5.199,0.000,0.038,0.000
0.088,0.000,0.000,0.330,0.400,-0.281,0.000,0.000,0.624,0.000,0.050,0.535,1.000,0.634,0.861,1.000,1.000,0.078,-5.199,0.000,0.038,0.000
0.088,0.000,0.000,0.330,0.400,-0.281,0.000,0.000,0.624,0.000,0.050,0.535,1.000,0.634,0.861,1.000,1.000,0.078,-5.199,0.000,0.038,0.000
0.075,0.000,0.000,0.330,0.400,-1.089,0.000,0.000,0.117,0.000,0.050,0.535,1.000,0.634,0.861,1.000,1.000,0.078,-5.199,0.000,0.038,0.000
0.075,0.000,0.000,0.330,0.400,-1.089,0.000,0.000,0.117,0.000,0.050,0.535,1.000,0.634,0.861,1.000,1.000,0.078,-5.199,0.000,0.038,0.000
0.075,0.000,0.000,0.330,0.400,-1.089,0.000,0.000,0.117,0.000,0.050,0.535,1.000,0.634,0.861,1.000,1.000,0.078,-5.199,0.000,0.038,0.000
0.075,0.000,0.000,0.330,0.400,-1.089,0.000,0.000,0.117,0.000,0.050,0.535,1.000,0.634,0.861,1.000,1.000,0.078,-5.199,0.000,0.038,0.000
0.075,0.000,0.000,0.330,0.400,-1.089,0.000,0.000,0.117,0.000,0.050,0.535,1.000,0.634,0.861,1.000,1.000,0.078,-5.199,0.000,0.038,0.000
0.075,0.000,0.000,0.330,0.400,-1.089,0.000,0.000,0.117,0.000,0.050,0.535,1.000,0.634,0.861,1.000,1.000,0.078,-5.199,0.000,0.038,0.000
0.075,0.000,0.000,0.330,0.400,-1.089,0.000,0.000,0.117,0.000,0.050,0.535,1.000,0.634,0.861,1.000,1.000,0.078,-5.199,0.000,0.038,0.000
0.075,0.000,0.000,0.330,0.400,-1.089,0.000,0.000,0.117,0.000,0.050,0.535,1.000,0.634,0.861,1.000,1.000,0.078,-5.199,0.000,0.038,0.000
0.075,0.000,0.000,0.330,0.400,-1.089,0.000,0.000,0.117,0.000,0.050,0.535,1.000,0.634,0.861,1.000,1.000,0.078,-5.199,0.000,0.038,0.000
0.075,0.000,0.000,0.330,0.400,-1.089,0.000,0.000,0.117,0.000,0.050,0.535,1.000,0.634,0.861,1.000,1.000,0.078,-5.199,0.000,0.038,0.000
0.075,0.000,0.000,0.330,0.400,-1.089,0.000,0.000,0.117,0.000,0.050,0.535,1.000,0.634,0.861,1.000,1.000,0.078,-5.199,0.000,0.038,0.000
0.075,0.000,0.000,0.330,0.400,-1.089,0.000,0.000,0.117,0.000,0.050,0.535,1.000,0.634,0.861,1.000,1.000,0.078,-5.199,0.000,0.038,0.000
0.075,0.000,0.000,0.330,0.400,-1.089,0.000,0.000,0.117,0.000,0.050,0.535,1.000,0.634,0.861,1.000,1.000,0.078,-5.199,0.000,0.038,0.000
0.075,0.000,0.000,0.330,0.400,-1.089,0.000,0.000,0.117,0.000,0.050,0.535,1.000,0.634,0.861,1.000,1.000,0.087,-5.199,0.000,0.038,0.000
0.075,0.000,0.000,0.330,0.400,-1.089,0.000,0.000,0.117,0.000,0.050,0.535,1.000,0.634,0.861,1.000,1.000,0.087,-5.199,0.000,0.038,0.000
0.075,0.000,0.000,0.330,0.400,-1.089,0.000,0.000,0.117,0.000,0.050,0.535,1.000,0.634,0.861,1.000,1.000,0.087,-5.199,0.000,0.038,0.000
0.075,0.000,0.000,0.330,0.400,-1.089,0.000,0.000,0.117,0.000,0.050,0.535,1.000,0.634,0.861,1.000,1.000,0.087,-5.199,0.000,0.038,0.000
0.075,0.000,0.000,0.330,0.400,-1.089,0.000,0.000,0.117,0.000,0.050,0.535,1.000,0.634,0.861,1.000,1.000,0.089,-5.199,0.000,0.038,0.000
0.075,0.000,0.000,0.330,0.400,-1.089,0.000,0.000,0.117,0.000,0.050,0.535,1.000,0.634,0.861,1.000,1.000,0.089,-5.199,0.000,0.038,0.000
0.075,0.000,0.000,0.330,0.400,-1.089,0.000,0.000,0.117,0.000,0.050,0.535,1.000,0.634,0.861,1.000,1.000,0.089,-5.199,0.000,0.038,0.000
0.075,0.000,0.000,0.330,0.400,-1.089,0.000,0.000,0.117,0.000,0.050,0.535,1.000,0.634,0.861,1.000,1.000,0.089,-5.199,0.000,0.038,0.000
0.075,0.000,0.000,0.330,0.400,-1.089,0.000,0.000,0.117,0.000,0.050,0.535,1.000,0.634,0.861,1.000,1.000,0.091,-5.199,0.000,0.038,0.000
0.075,0.000,0.000,0.330,0.400,-1.089,0.000,0.000,0.117,0.000,0.050,0.535,1.000,0.634,0.861,1.000,1.000,0.091,-5.199,0.000,0.038,0.000
0.075,0.000,0.000,0.330,0.400,-1.089,0.000,0.000,0.117,0.000,0.050,0.535,1.000,0.634,0.861,1.000,1.000,0.091,-5.199,0.000,0.038,0.000
0.075,0.000,0.000,0.330,0.400,-1.089,0.000,0.000,0.117,0.000,0.050,0.535,1.000,0.634,0.861,1.000,1.000,0.091,-5.199,0.000,0.038,0.000
0.107,0.000,0.000,0.330,0.400,0.412,0.000,0.002,0.117,0.000,0.050,0.535,1.000,0.634,0.861,1.000,0.622,0.094,0.548,0.019,0.038,0.000
0.107,0.000,0.000,0.330,0.400,0.412,0.000,0.002,0.117,0.000,0.050,0.535,1.000,0.634,0.861,1.000,0.622,0.094,0.548,0.019,0.038,0.000
0.107,0.000,0.000,0.330,0.400,0.412,0.000,0.002,0.117,0.000,0.050,0.535,1.000,0.634,0.861,1.000,0.622,0.094,0.548,0.019,0.038,0.000
0.035,0.000,0.000,0.330,0.400,-2.232,0.000,0.002,0.058,0.000,0.050,0.535,0.699,0.634,0.861,1.000,1.000,0.036,0.835,0.048,0.038,0.000
0.038,0.000,0.000,0.330,0.400,-2.682,0.000,0.002,0.058,0.000,0.050,0.535,0.699,0.634,0.861,1.000,1.000,0.066,0.764,0.050,0.038,0.000
0.038,0.000,0.000,0.330,0.400,-2.682,0.000,0.002,0.058,0.000,0.050,0.535,0.699,0.634,0.861,1.000,1.000,0.066,0.764,0.050,0.038,0.000
0.029,0.014,0.000,0.330,0.400,-2.682,0.000,0.002,0.058,0.000,0.050,0.535,0.607,0.634,0.861,1.000,0.052,0.098,1.155,0.144,0.038,0.000
0.029,0.014,0.000,0.330,0.400,-2.291,0.000,0.002,0.058,0.000,0.050,0.535,0.607,0.634,0.861,1.000,0.052,0.098,1.155,0.144,0.038,0.000
0.032,0.000,0.000,0.330,0.400,-2.399,0.000,0.002,0.058,0.000,0.050,0.535,0.607,0.634,0.861,1.000,1.000,0.112,0.312,0.014,0.038,0.000
0.032,0.000,0.000,0.330,0.400,-2.399,0.000,0.002,0.058,0.000,0.050,0.535,0.607,0.634,0.861,1.000,1.000,0.112,0.312,0.014,0.038,0.000
0.205,0.000,0.444,0.205,0.400,-0.281,0.000,0.002,0.058,0.000,0.050,0.373,1.000,0.634,0.861,1.000,1.000,0.076,-5.199,0.000,0.038,0.000
0.205,0.000,0.444,0.205,0.400,-0.281,0.000,0.002,0.058,0.000,0.050,0.373,1.000,0.634,0.861,1.000,1.000,0.076,-5.199,0.000,0.038,0.000
0.205,0.000,0.444,0.205,0.400,-0.281,0.000,0.002,0.058,0.000,0.050,0.373,1.000,0.634,0.861,1.000,1.000,0.076,-5.199,0.000,0.038,0.000
0.214,0.000,0.444,0.205,0.400,-0.281,0.000,0.002,0.058,0.000,0.050,0.373,1.000,0.634,0.861,1.000,1.000,0.057,-5.199,0.000,0.038,0.000
0.214,0.000,0.444,0.205,0.400,-0.281,0.000,0.002,0.058,0.000,0.050,0.373,1.000,0.634,0.861,1.000,1.000,0.057,-5.199,0.000,0.038,0.000
0.214,0.000,0.444,0.205,0.400,-0.281,0.000,0.002,0.058,0.000,0.050,0.373,1.000,0.634,0.861,1.000,1.000,0.057,-5.199,0.000,0.038,0.000
0.217,0.000,0.444,0.205,0.400,-0.281,0.000,0.002,0.058,0.000,0.050,0.373,1.000,0.634,0.861,1.000,1.000,0.053,-5.199,0.000,0.038,0.000
0.217,0.000,0.444,0.205,0.400,-0.281,0.000,0.002,0.058,0.000,0.050,0.373,1.000,0.634,0.861,1.000,1.000,0.053,-5.199,0.000,0.038,0.000
0.217,0.000,0.444,0.205,0.400,-0.281,0.000,0.002,0.058,0.000,0.050,0.373,1.000,0.634,0.861,1.000,1.000,0.053,-5.199,0.000,0.038,0.000
0.081,0.000,0.444,0.230,0.400,-0.281,0.000,0.002,0.624,0.000,0.050,0.535,1.000,0.634,0.861,1.000,1.000,0.078,0.357,0.004,0.038,0.000
0.039,0.008,0.111,0.944,0.400,-0.281,0.000,0.002,0.067,0.000,0.050,0.535,0.601,0.634,0.861,1.000,0.040,0.115,1.048,0.143,0.038,0.000
0.039,0.008,0.111,0.944,0.400,-0.281,0.000,0.002,0.067,0.000,0.050,0.535,0.601,0.634,0.861,1.000,0.040,0.115,1.048,0.143,0.038,0.000
0.013,0.023,0.111,0.944,0.400,-0.281,0.000,0.002,0.067,0.000,0.050,0.535,0.528,0.634,0.861,1.000,0.040,0.115,1.048,0.143,0.038,0.000
0.039,0.008,0.111,0.944,0.400,-0.281,0.000,0.002,0.067,0.000,0.050,0.535,0.592,0.634,0.861,1.000,0.000,0.115,1.048,0.143,0.038,0.000
0.019,0.019,0.111,0.944,0.400,-0.281,0.000,0.002,0.067,0.000,0.050,0.535,0.558,0.634,0.861,1.000,0.003,0.115,1.048,0.143,0.038,0.000
0.013,0.023,0.111,0.944,0.400,-0.281,0.000,0.002,0.067,0.000,0.050,0.535,0.528,0.634,0.861,1.000,0.000,0.115,1.048,0.143,0.038,0.000
0.013,0.023,0.111,0.944,0.400,-0.281,0.000,0.002,0.067,0.000,0.050,0.535,0.528,0.634,0.861,1.000,0.000,0.115,1.048,0.143,0.038,0.000
0.013,0.023,0.111,0.944,0.400,-0.281,0.000,0.002,0.067,0.000,0.050,0.535,0.528,0.634,0.861,1.000,0.000,0.115,1.048,0.143,0.038,0.000
0.013,0.023,0.111,0.944,0.400,-0.281,0.000,0.002,0.067,0.000,0.050,0.535,0.528,0.634,0.861,1.000,0.000,0.115,1.048,0.143,0.038,0.000
0.013,0.023,0.111,0.944,0.400,-0.281,0.000,0.002,0.067,0.000,0.050,0.535,0.528,0.634,0.861,1.000,0.000,0.115,1.048,0.143,0.038,0.000
0.013,0.023,0.111,0.944,0.400,-0.281,0.000,0.002,0.067,0.000,0.050,0.535,0.528,0.634,0.861,1.000,0.000,0.115,1.048,0.143,0.038,0.000
0.013,0.023,0.111,0.944,0.400,-0.281,0.000,0.002,0.067,0.000,0.050,0.535,0.528,0.634,0.861,1.000,0.000,0.115,1.048,0.143,0.038,0.000
0.013,0.023,0.111,0.944,0.400,-0.281,0.000,0.002,0.067,0.000,0.050,0.535,0.528,0.634,0.861,1.000,0.000,0.111,1.227,0.157,0.038,0.000
0.024,0.011,0.111,0.944,0.400,-0.281,0.000,0.002,0.067,0.000,0.050,0.535,0.610,0.634,0.861,1.000,0.018,0.111,1.227,0.157,0.038,0.000
0.024,0.011,0.111,0.944,0.400,-0.281,0.000,0.002,0.067,0.000,0.050,0.535,0.610,0.634,0.861,1.000,0.018,0.113,1.227,0.157,0.038,0.000
0.019,0.019,0.111,0.944,0.400,-0.281,0.000,0.002,0.067,0.000,0.050,0.535,0.558,0.634,0.861,1.000,0.003,0.113,1.227,0.157,0.038,0.000
0.013,0.023,0.111,0.944,0.400,-0.281,0.000,0.002,0.067,0.000,0.050,0.535,0.528,0.634,0.861,1.000,0.000,0.110,1.261,0.200,0.038,0.000
0.013,0.023,0.111,0.944,0.400,-0.281,0.000,0.002,0.067,0.000,0.050,0.535,0.528,0.634,0.861,1.000,0.000,0.110,1.261,0.200,0.038,0.000
0.061,0.000,0.444,0.305,0.400,-0.281,0.000,0.002,0.067,0.000,0.050,0.535,1.000,0.634,0.861,1.000,1.000,0.119,-5.199,0.000,0.038,0.000
0.067,0.000,0.000,0.330,0.400,-0.281,0.000,0.002,0.067,0.000,0.050,0.535,1.000,0.634,0.861,1.000,1.000,0.050,-5.199,0.000,0.038,0.000
0.067,0.000,0.000,0.330,0.400,-0.281,0.000,0.002,0.067,0.000,0.050,0.535,1.000,0.634,0.861,1.000,1.000,0.050,-5.199,0.000,0.038,0.000
0.067,0.000,0.000,0.330,0.400,-0.281,0.000,0.002,0.067,0.000,0.050,0.535,1.000,0.634,0.861,1.000,1.000,0.050,-5.199,0.000,0.038,0.000
0.067,0.000,0.000,0.330,0.400,-0.281,0.000,0.002,0.067,0.000,0.050,0.535,1.000,0.634,0.861,1.000,1.000,0.050,-5.199,0.000,0.038,0.000
0.067,0.000,0.000,0.330,0.400,-0.281,0.000,0.002,0.067,0.000,0.050,0.535,1.000,0.634,0.861,1.000,1.000,0.050,-5.199,0.000,0.038,0.000
0.111,0.000,0.000,0.330,0.400,-0.281,0.000,0.002,0.067,0.000,0.050,0.535,1.000,0.634,0.861,1.000,1.000,0.093,-5.199,0.000,0.038,0.000
0.111,0.000,0.000,0.330,0.400,-0.281,0.000,0.002,0.067,0.000,0.050,0.535,1.000,0.634,0.861,1.000,1.000,0.093,-5.199,0.000,0.038,0.000
0.111,0.000,0.000,0.330,0.400,-0.281,0.000,0.002,0.067,0.000,0.050,0.535,1.000,0.634,0.861,1.000,1.000,0.093,-5.199,0.000,0.038,0.000
0.111,0.000,0.000,0.330,0.400,-0.281,0.000,0.002,0.067,0.000,0.050,0.535,1.000,0.634,0.861,1.000,1.000,0.093,-5.199,0.000,0.038,0.000
0.111,0.000,0.000,0.330,0.400,-0.281,0.000,0.002,0.067,0.000,0.050,0.535,1.000,0.634,0.861,1.000,1.000,0.093,-5.199,0.000,0.038,0.000
0.202,0.059,0.000,0.330,0.400,-0.281,0.000,0.002,0.067,0.000,0.050,0.535,0.215,0.634,0.861,1.000,0.065,0.108,-5.199,0.000,0.038,0.000
0.202,0.059,0.000,0.330,0.400,-0.281,0.000,0.002,0.067,0.000,0.050,0.535,0.215,0.634,0.861,1.000,0.065,0.108,-5.199,0.000,0.038,0.000
0.202,0.059,0.000,0.330,0.400,-0.281,0.000,0.002,0.067,0.000,0.050,0.535,0.215,0.634,0.861,1.000,0.065,0.108,-5.199,0.000,0.038,0.000
0.202,0.059,0.000,0.330,0.400,-0.281,0.000,0.002,0.067,0.000,0.050,0.535,0.215,0.634,0.861,1.000,0.065,0.108,-5.199,0.000,0.038,0.000
0.202,0.059,0.000,0.330,0.400,-0.281,0.000,0.002,0.067,0.000,0.050,0.535,0.215,0.634,0.861,1.000,0.065,0.108,-5.199,0.000,0.038,0.000
0.107,0.000,0.444,0.381,0.400,-0.281,0.000,0.002,0.067,1.000,0.050,0.380,1.000,0.634,0.861,1.000,1.000,0.099,0.619,0.122,0.038,0.000
0.043,0.000,0.444,0.381,0.400,-0.281,0.000,0.002,0.067,1.000,0.050,0.535,1.000,0.634,0.861,1.000,1.000,0.131,0.576,0.186,0.038,0.000
0.107,0.000,0.444,0.381,0.400,-0.281,0.000,0.002,0.067,1.000,0.050,0.380,1.000,0.634,0.861,1.000,1.000,0.085,0.619,0.024,0.038,0.000
0.079,0.000,0.444,0.381,0.400,-0.281,0.000,0.002,0.067,1.000,0.050,0.535,1.000,0.634,0.861,1.000,1.000,0.097,0.672,0.017,0.038,0.000
0.062,0.000,0.444,0.381,0.400,-1.920,0.000,0.002,0.067,1.000,0.050,0.535,1.000,0.634,0.861,1.000,1.000,0.100,0.295,0.017,0.038,0.000
0.043,0.000,0.444,0.381,0.400,-0.281,0.000,0.002,0.067,1.000,0.050,0.535,1.000,0.634,0.861,1.000,1.000,0.117,0.576,0.000,0.038,0.000
0.043,0.000,0.444,0.381,0.400,-0.281,0.000,0.002,0.067,1.000,0.050,0.535,1.000,0.634,0.861,1.000,1.000,0.117,0.576,0.027,0.038,0.000
0.043,0.000,0.444,0.381,0.400,-0.281,0.000,0.002,0.067,1.000,0.050,0.535,1.000,0.634,0.861,1.000,1.000,0.117,0.576,0.018,0.038,0.000
0.107,0.000,0.444,0.381,0.400,-0.281,0.000,0.002,0.067,1.000,0.050,0.380,1.000,0.634,0.861,1.000,1.000,0.085,0.619,0.016,0.038,0.000
0.107,0.000,0.444,0.381,0.400,-0.281,0.000,0.002,0.067,1.000,0.050,0.380,1.000,0.634,0.861,1.000,1.000,0.085,0.619,0.076,0.038,0.000
0.079,0.000,0.444,0.381,0.400,-0.281,0.000,0.002,0.067,1.000,0.050,0.535,1.000,0.634,0.861,1.000,1.000,0.097,0.672,0.018,0.038,0.000
0.079,0.000,0.444,0.381,0.400,-1.089,0.000,0.002,0.067,1.000,0.050,0.535,1.000,0.634,0.861,1.000,1.000,0.097,0.672,0.018,0.038,0.000
0.079,0.000,0.444,0.381,0.400,-1.089,0.000,0.002,0.067,1.000,0.050,0.535,1.000,0.634,0.861,1.000,1.000,0.097,0.672,0.001,0.038,0.000
0.107,0.000,0.444,0.381,0.400,-0.281,0.000,0.002,0.067,1.000,0.050,0.535,1.000,0.634,0.861,1.000,1.000,0.085,0.619,0.008,0.038,0.000
0.079,0.000,0.444,0.381,0.400,-1.089,0.000,0.002,0.067,1.000,0.050,0.535,1.000,0.634,0.861,1.000,1.000,0.097,0.672,0.013,0.038,0.000
0.079,0.000,0.444,0.381,0.400,-1.089,0.000,0.002,0.067,1.000,0.050,0.535,1.000,0.634,0.861,1.000,1.000,0.097,0.672,0.001,0.038,0.000
0.062,0.000,0.444,0.381,0.400,-1.920,0.000,0.002,0.067,1.000,0.050,0.535,1.000,0.634,0.861,1.000,1.000,0.100,0.295,0.001,0.038,0.000
0.062,0.000,0.444,0.381,0.400,-1.920,0.000,0.002,0.067,1.000,0.050,0.535,1.000,0.634,0.861,1.000,1.000,0.100,0.295,0.001,0.038,0.000
0.043,0.000,0.444,0.381,0.400,-0.281,0.000,0.002,0.067,1.000,0.050,0.535,1.000,0.634,0.861,1.000,1.000,0.117,0.576,0.000,0.038,0.000
0.043,0.000,0.444,0.381,0.400,-0.281,0.000,0.002,0.067,1.000,0.050,0.535,1.000,0.634,0.861,1.000,1.000,0.117,0.576,0.035,0.038,0.000
0.043,0.000,0.444,0.381,0.400,-0.281,0.000,0.002,0.067,1.000,0.050,0.535,1.000,0.634,0.861,1.000,1.000,0.117,0.576,0.022,0.038,0.000
0.043,0.000,0.444,0.381,0.400,-0.281,0.000,0.002,0.067,1.000,0.050,0.535,1.000,0.634,0.861,1.000,1.000,0.117,0.576,0.001,0.038,0.000
0.043,0.000,0.444,0.381,0.400,-0.281,0.000,0.002,0.067,1.000,0.050,0.535,1.000,0.634,0.861,1.000,1.000,0.117,0.576,0.001,0.038,0.000
0.062,0.000,0.444,0.381,0.400,-0.281,0.000,0.002,0.067,1.000,0.050,0.535,1.000,0.634,0.861,1.000,1.000,0.100,0.295,0.004,0.038,0.000
0.079,0.000,0.444,0.381,0.400,-1.089,0.000,0.002,0.067,1.000,0.050,0.535,1.000,0.634,0.861,1.000,1.000,0.097,0.672,0.001,0.038,0.000
0.079,0.000,0.444,0.381,0.400,-1.089,0.000,0.002,0.067,1.000,0.050,0.535,1.000,0.634,0.861,1.000,1.000,0.097,0.672,0.001,0.038,0.000
0.107,0.000,0.444,0.381,0.400,-0.281,0.000,0.002,0.067,1.000,0.050,0.535,1.000,0.634,0.861,1.000,1.000,0.085,0.619,0.004,0.038,0.000
0.107,0.000,0.444,0.381,0.400,-0.281,0.000,0.002,0.067,1.000,0.050,0.535,1.000,0.634,0.861,1.000,1.000,0.085,0.619,0.004,0.038,0.000
0.250,0.000,0.333,1.000,0.400,-0.281,0.000,0.002,0.067,0.000,0.050,0.394,1.000,0.634,0.861,1.000,1.000,0.109,1.459,0.243,0.038,0.000
0.158,0.000,0.333,1.000,0.400,-0.281,0.000,0.002,0.067,0.000,0.050,0.535,1.000,0.634,0.861,1.000,1.000,0.098,-5.199,0.000,0.038,0.000
0.158,0.000,0.333,1.000,0.400,-1.089,0.000,0.002,0.067,0.000,0.050,0.535,1.000,0.634,0.861,1.000,1.000,0.098,-5.199,0.000,0.038,0.000
0.158,0.000,0.333,1.000,0.400,-1.089,0.000,0.002,0.067,0.000,0.050,0.535,1.000,0.634,0.861,1.000,1.000,0.098,-5.199,0.000,0.038,0.000
0.158,0.000,0.333,1.000,0.400,-1.089,0.000,0.002,0.067,0.000,0.050,0.535,1.000,0.634,0.861,1.000,1.000,0.098,-5.199,0.000,0.038,0.000
0.158,0.000,0.333,1.000,0.400,-1.089,0.000,0.002,0.067,0.000,0.050,0.535,1.000,0.634,0.861,1.000,1.000,0.098,-5.199,0.000,0.038,0.000
0.158,0.000,0.333,1.000,0.400,-1.089,0.000,0.002,0.067,0.000,0.050,0.535,1.000,0.634,0.861,1.000,1.000,0.098,-5.199,0.000,0.038,0.000
0.158,0.000,0.333,1.000,0.400,-1.089,0.000,0.002,0.067,0.000,0.050,0.535,1.000,0.634,0.861,1.000,1.000,0.098,-5.199,0.000,0.038,0.000
0.158,0.000,0.333,1.000,0.400,-1.089,0.000,0.002,0.067,0.000,0.050,0.535,1.000,0.634,0.861,1.000,1.000,0.098,-5.199,0.000,0.038,0.000
0.158,0.000,0.333,1.000,0.400,-1.089,0.000,0.002,0.067,0.000,0.050,0.535,1.000,0.634,0.861,1.000,1.000,0.098,-5.199,0.000,0.038,0.000
0.158,0.000,0.333,1.000,0.400,-1.089,0.000,0.002,0.067,0.000,0.050,0.535,1.000,0.634,0.861,1.000,1.000,0.098,-5.199,0.000,0.038,0.000
0.158,0.000,0.333,1.000,0.400,-1.089,0.000,0.002,0.067,0.000,0.050,0.535,1.000,0.634,0.861,1.000,1.000,0.098,-5.199,0.000,0.038,0.000
0.158,0.000,0.333,1.000,0.400,-1.089,0.000,0.002,0.067,0.000,0.050,0.535,1.000,0.634,0.861,1.000,1.000,0.098,-5.199,0.000,0.038,0.000
0.158,0.000,0.333,1.000,0.400,-1.089,0.000,0.002,0.067,0.000,0.050,0.535,1.000,0.634,0.861,1.000,1.000,0.098,-5.199,0.000,0.038,0.000
0.158,0.000,0.333,1.000,0.400,-1.089,0.000,0.002,0.067,0.000,0.050,0.535,1.000,0.634,0.861,1.000,1.000,0.098,-5.199,0.000,0.038,0.000
0.158,0.000,0.333,1.000,0.400,-1.089,0.000,0.002,0.067,0.000,0.050,0.535,1.000,0.634,0.861,1.000,1.000,0.098,-5.199,0.000,0.038,0.000
0.158,0.000,0.333,1.000,0.400,-1.089,0.000,0.002,0.067,0.000,0.050,0.535,1.000,0.634,0.861,1.000,1.000,0.098,-5.199,0.000,0.038,0.000
0.120,0.000,0.333,1.000,0.400,-1.920,0.000,0.002,0.067,0.000,0.050,0.535,1.000,0.634,0.861,1.000,1.000,0.088,1.636,0.149,0.038,0.000
0.120,0.000,0.333,1.000,0.400,-1.920,0.000,0.002,0.067,0.000,0.050,0.535,1.000,0.634,0.861,1.000,1.000,0.088,1.636,0.149,0.038,0.000
0.120,0.000,0.333,1.000,0.400,-1.920,0.000,0.002,0.067,0.000,0.050,0.535,1.000,0.634,0.861,1.000,1.000,0.088,1.636,0.149,0.038,0.000
0.120,0.000,0.333,1.000,0.400,-1.920,0.000,0.002,0.067,0.000,0.050,0.535,1.000,0.634,0.861,1.000,1.000,0.088,1.636,0.149,0.038,0.000
0.120,0.000,0.333,1.000,0.400,-1.920,0.000,0.002,0.067,0.000,0.050,0.535,1.000,0.634,0.861,1.000,1.000,0.088,1.636,0.149,0.038,0.000
0.120,0.000,0.333,1.000,0.400,-1.920,0.000,0.002,0.067,0.000,0.050,0.535,1.000,0.634,0.861,1.000,1.000,0.088,1.636,0.149,0.038,0.000
0.120,0.000,0.333,1.000,0.400,-1.920,0.000,0.002,0.067,0.000,0.050,0.535,1.000,0.634,0.861,1.000,1.000,0.088,1.636,0.149,0.038,0.000
0.120,0.000,0.333,1.000,0.400,-1.920,0.000,0.002,0.067,0.000,0.050,0.535,1.000,0.634,0.861,1.000,1.000,0.088,1.636,0.149,0.038,0.000
0.120,0.000,0.333,1.000,0.400,-1.920,0.000,0.002,0.067,0.000,0.050,0.535,1.000,0.634,0.861,1.000,1.000,0.088,1.636,0.149,0.038,0.000
0.120,0.000,0.333,1.000,0.400,-1.920,0.000,0.002,0.067,0.000,0.050,0.535,1.000,0.634,0.861,1.000,1.000,0.088,1.636,0.149,0.038,0.000
0.120,0.000,0.333,1.000,0.400,-1.920,0.000,0.002,0.067,0.000,0.050,0.535,1.000,0.634,0.861,1.000,1.000,0.088,1.636,0.149,0.038,0.000
0.120,0.000,0.333,1.000,0.400,-1.920,0.000,0.002,0.067,0.000,0.050,0.535,1.000,0.634,0.861,1.000,1.000,0.088,1.636,0.149,0.038,0.000
0.079,0.000,0.333,1.000,0.400,-0.281,0.000,0.002,0.067,0.000,0.050,0.535,1.000,0.634,0.861,1.000,1.000,0.096,0.144,0.207,0.038,0.000
0.079,0.000,0.333,1.000,0.400,-0.281,0.000,0.002,0.067,0.000,0.050,0.535,1.000,0.634,0.861,1.000,1.000,0.096,0.144,0.207,0.038,0.000
0.079,0.000,0.333,1.000,0.400,-0.281,0.000,0.002,0.067,0.000,0.050,0.535,1.000,0.634,0.861,1.000,1.000,0.096,0.144,0.207,0.038,0.000
0.079,0.000,0.333,1.000,0.400,-0.281,0.000,0.002,0.067,0.000,0.050,0.535,1.000,0.634,0.861,1.000,1.000,0.096,0.144,0.207,0.038,0.000
0.079,0.000,0.333,1.000,0.400,-0.281,0.000,0.002,0.067,0.000,0.050,0.535,1.000,0.634,0.861,1.000,1.000,0.096,0.144,0.207,0.038,0.000
0.079,0.000,0.333,1.000,0.400,-0.281,0.000,0.002,0.067,0.000,0.050,0.535,1.000,0.634,0.861,1.000,1.000,0.096,0.144,0.207,0.038,0.000
0.079,0.000,0.333,1.000,0.400,-0.281,0.000,0.002,0.067,0.000,0.050,0.535,1.000,0.634,0.861,1.000,1.000,0.096,0.144,0.207,0.038,0.000
0.100,0.044,0.111,0.944,0.400,-0.281,0.000,0.002,0.077,1.000,0.050,0.535,0.331,0.634,0.861,1.000,0.049,0.122,-5.199,0.000,0.038,0.000
0.100,0.044,0.111,0.944,0.400,-0.281,0.000,0.002,0.077,1.000,0.050,0.535,0.331,0.634,0.861,1.000,0.049,0.122,-5.199,0.000,0.038,0.000
0.100,0.044,0.111,0.944,0.400,-0.281,0.000,0.002,0.077,1.000,0.050,0.535,0.331,0.634,0.861,1.000,0.049,0.122,-5.199,0.000,0.038,0.000
0.100,0.044,0.111,0.944,0.400,-0.281,0.000,0.002,0.077,1.000,0.050,0.535,0.331,0.634,0.861,1.000,0.049,0.122,-5.199,0.000,0.038,0.000
0.100,0.044,0.111,0.944,0.400,-0.281,0.000,0.002,0.077,1.000,0.050,0.535,0.331,0.634,0.861,1.000,0.049,0.122,-5.199,0.000,0.038,0.000
0.100,0.044,0.111,0.944,0.400,-0.281,0.000,0.002,0.077,1.000,0.050,0.535,0.331,0.634,0.861,1.000,0.049,0.122,-5.199,0.000,0.038,0.000
0.100,0.044,0.111,0.944,0.400,-0.281,0.000,0.002,0.077,1.000,0.050,0.535,0.331,0.634,0.861,1.000,0.049,0.122,-5.199,0.000,0.038,0.000
0.100,0.044,0.111,0.944,0.400,-0.281,0.000,0.002,0.077,1.000,0.050,0.535,0.331,0.634,0.861,1.000,0.049,0.122,-5.199,0.000,0.038,0.000
0.101,0.094,0.111,0.944,0.400,-0.281,0.000,0.002,0.077,1.000,0.050,0.535,0.000,0.634,0.861,1.000,0.018,0.118,-5.199,0.000,0.038,0.000
0.101,0.094,0.111,0.944,0.400,-0.281,0.000,0.002,0.077,1.000,0.050,0.535,0.000,0.634,0.861,1.000,0.018,0.118,-5.199,0.000,0.038,0.000
0.101,0.094,0.111,0.944,0.400,-0.281,0.000,0.002,0.077,1.000,0.050,0.535,0.000,0.634,0.861,1.000,0.018,0.118,-5.199,0.000,0.038,0.000
0.101,0.094,0.111,0.944,0.400,-0.281,0.000,0.002,0.077,1.000,0.050,0.535,0.000,0.634,0.861,1.000,0.018,0.118,-5.199,0.000,0.038,0.000
0.101,0.094,0.111,0.944,0.400,-0.281,0.000,0.002,0.077,1.000,0.050,0.535,0.000,0.634,0.861,1.000,0.018,0.118,-5.199,0.000,0.038,0.000
0.101,0.094,0.111,0.944,0.400,-0.281,0.000,0.002,0.077,1.000,0.050,0.535,0.000,0.634,0.861,1.000,0.018,0.118,-5.199,0.000,0.038,0.000
0.101,0.094,0.111,0.944,0.400,-0.281,0.000,0.002,0.077,1.000,0.050,0.535,0.000,0.634,0.861,1.000,0.018,0.118,-5.199,0.000,0.038,0.000
0.101,0.094,0.111,0.944,0.400,-0.281,0.000,0.002,0.077,1.000,0.050,0.535,0.000,0.634,0.861,1.000,0.018,0.118,-5.199,0.000,0.038,0.000
0.101,0.094,0.111,0.944,0.400,-0.281,0.000,0.002,0.077,1.000,0.050,0.535,0.000,0.634,0.861,1.000,0.018,0.118,-5.199,0.000,0.038,0.000
0.101,0.094,0.111,0.944,0.400,-0.281,0.000,0.002,0.077,1.000,0.050,0.535,0.000,0.634,0.861,1.000,0.018,0.118,-5.199,0.000,0.038,0.000
0.101,0.094,0.111,0.944,0.400,-0.281,0.000,0.002,0.077,1.000,0.050,0.535,0.000,0.634,0.861,1.000,0.018,0.118,-5.199,0.000,0.038,0.000
0.101,0.094,0.111,0.944,0.400,-0.281,0.000,0.002,0.077,1.000,0.050,0.535,0.000,0.634,0.861,1.000,0.018,0.118,-5.199,0.000,0.038,0.000
0.101,0.094,0.111,0.944,0.400,-0.281,0.000,0.002,0.077,1.000,0.050,0.535,0.000,0.634,0.861,1.000,0.018,0.118,-5.199,0.000,0.038,0.000
0.101,0.094,0.111,0.944,0.400,-0.281,0.000,0.002,0.077,1.000,0.050,0.535,0.000,0.634,0.861,1.000,0.018,0.118,-5.199,0.000,0.038,0.000
0.101,0.094,0.111,0.944,0.400,-0.281,0.000,0.002,0.077,1.000,0.050,0.535,0.000,0.634,0.861,1.000,0.018,0.118,-5.199,0.000,0.038,0.000
0.101,0.094,0.111,0.944,0.400,-0.281,0.000,0.002,0.077,1.000,0.050,0.535,0.000,0.634,0.861,1.000,0.018,0.118,-5.199,0.000,0.038,0.000
0.101,0.094,0.111,0.944,0.400,-0.281,0.000,0.002,0.077,1.000,0.050,0.535,0.000,0.634,0.861,1.000,0.018,0.118,-5.199,0.000,0.038,0.000
0.101,0.094,0.111,0.944,0.400,-0.281,0.000,0.002,0.077,1.000,0.050,0.535,0.000,0.634,0.861,1.000,0.018,0.118,-5.199,0.000,0.038,0.000
0.101,0.094,0.111,0.944,0.400,-0.281,0.000,0.002,0.077,1.000,0.050,0.535,0.000,0.634,0.861,1.000,0.018,0.118,-5.199,0.000,0.038,0.000
0.101,0.094,0.111,0.944,0.400,-0.281,0.000,0.002,0.077,1.000,0.050,0.535,0.000,0.634,0.861,1.000,0.018,0.118,-5.199,0.000,0.038,0.000
0.101,0.094,0.111,0.944,0.400,-0.281,0.000,0.002,0.077,1.000,0.050,0.535,0.000,0.634,0.861,1.000,0.018,0.118,-5.199,0.000,0.038,0.000
0.100,0.044,0.111,0.944,0.400,-0.281,0.000,0.002,0.077,1.000,0.050,0.535,0.331,0.634,0.861,1.000,0.049,0.122,-5.199,0.000,0.038,0.000
0.100,0.044,0.111,0.944,0.400,-0.281,0.000,0.002,0.077,1.000,0.050,0.535,0.331,0.634,0.861,1.000,0.049,0.122,-5.199,0.000,0.038,0.000
0.100,0.044,0.111,0.944,0.400,-0.281,0.000,0.002,0.077,1.000,0.050,0.535,0.331,0.634,0.861,1.000,0.049,0.122,-5.199,0.000,0.038,0.000
0.100,0.044,0.111,0.944,0.400,-0.281,0.000,0.002,0.077,1.000,0.050,0.535,0.331,0.634,0.861,1.000,0.049,0.122,-5.199,0.000,0.038,0.000
0.100,0.044,0.111,0.944,0.400,-0.281,0.000,0.002,0.077,1.000,0.050,0.535,0.331,0.634,0.861,1.000,0.049,0.122,-5.199,0.000,0.038,0.000
0.100,0.044,0.111,0.944,0.400,-0.281,0.000,0.002,0.077,1.000,0.050,0.535,0.331,0.634,0.861,1.000,0.049,0.122,-5.199,0.000,0.038,0.000
0.100,0.044,0.111,0.944,0.400,-0.281,0.000,0.002,0.077,1.000,0.050,0.535,0.331,0.634,0.861,1.000,0.049,0.122,-5.199,0.000,0.038,0.000
0.100,0.044,0.111,0.944,0.400,-0.281,0.000,0.002,0.077,1.000,0.050,0.535,0.331,0.634,0.861,1.000,0.049,0.122,-5.199,0.000,0.038,0.000
0.100,0.044,0.111,0.944,0.400,-0.281,0.000,0.002,0.077,1.000,0.050,0.535,0.331,0.634,0.861,1.000,0.049,0.122,-5.199,0.000,0.038,0.000
0.100,0.044,0.111,0.944,0.400,-0.281,0.000,0.002,0.077,1.000,0.050,0.535,0.331,0.634,0.861,1.000,0.049,0.122,-5.199,0.000,0.038,0.000
0.100,0.044,0.111,0.944,0.400,-0.281,0.000,0.002,0.077,1.000,0.050,0.535,0.331,0.634,0.861,1.000,0.049,0.122,-5.199,0.000,0.038,0.000
0.100,0.044,0.111,0.944,0.400,-0.281,0.000,0.002,0.077,1.000,0.050,0.535,0.331,0.634,0.861,1.000,0.049,0.122,-5.199,0.000,0.038,0.000
0.100,0.044,0.111,0.944,0.400,-0.281,0.000,0.002,0.077,1.000,0.050,0.535,0.331,0.634,0.861,1.000,0.049,0.122,-5.199,0.000,0.038,0.000
0.100,0.044,0.111,0.944,0.400,-0.281,0.000,0.002,0.077,1.000,0.050,0.535,0.331,0.634,0.861,1.000,0.049,0.122,-5.199,0.000,0.038,0.000
0.100,0.044,0.111,0.944,0.400,-0.281,0.000,0.002,0.077,1.000,0.050,0.535,0.331,0.634,0.861,1.000,0.049,0.122,-5.199,0.000,0.038,0.000
0.100,0.044,0.111,0.944,0.400,-0.281,0.000,0.002,0.077,1.000,0.050,0.535,0.331,0.634,0.861,1.000,0.049,0.122,-5.199,0.000,0.038,0.000
0.120,0.000,0.333,1.000,0.400,-0.281,0.000,0.002,0.067,0.000,0.050,0.535,1.000,0.634,0.861,1.000,1.000,0.080,-5.199,0.000,0.038,0.000
0.076,0.042,0.111,0.944,0.400,-0.281,0.000,0.002,0.077,1.000,0.050,0.535,0.353,0.634,0.861,1.000,0.037,0.118,-5.199,0.000,0.038,0.000
0.100,0.000,0.333,1.000,0.400,-0.281,0.000,0.002,0.067,0.000,0.050,0.535,1.000,0.634,0.861,1.000,1.000,0.080,-5.199,0.000,0.038,0.000
0.100,0.000,0.333,1.000,0.400,-0.281,0.000,0.002,0.067,0.000,0.050,0.535,1.000,0.634,0.861,1.000,1.000,0.080,-5.199,0.000,0.038,0.000
0.147,0.000,0.000,0.330,0.400,-0.281,0.000,0.002,0.067,0.000,0.050,0.535,1.000,0.634,0.861,1.000,1.000,0.109,1.195,0.168,0.038,0.000
0.231,0.000,0.000,0.330,0.400,-0.281,0.000,0.002,0.067,0.000,0.050,0.394,1.000,0.634,0.861,1.000,0.622,0.091,-5.199,0.000,0.038,0.000
0.231,0.000,0.000,0.330,0.400,-0.281,0.000,0.002,0.067,0.000,0.050,0.394,1.000,0.634,0.861,1.000,0.622,0.091,-5.199,0.000,0.038,0.000
0.231,0.000,0.000,0.330,0.400,-0.281,0.000,0.002,0.067,0.000,0.050,0.394,1.000,0.634,0.861,1.000,0.622,0.091,-5.199,0.000,0.038,0.000
0.231,0.000,0.000,0.330,0.400,-0.281,0.000,0.002,0.067,0.000,0.050,0.394,1.000,0.634,0.861,1.000,0.622,0.091,-5.199,0.000,0.038,0.000
0.136,0.000,0.000,0.330,0.400,-0.281,0.000,0.002,0.067,0.000,0.050,0.535,1.000,0.634,0.861,1.000,0.622,0.097,0.527,0.050,0.038,0.000
0.136,0.000,0.000,0.330,0.400,-0.281,0.000,0.002,0.067,0.000,0.050,0.535,1.000,0.634,0.861,1.000,0.622,0.097,0.527,0.050,0.038,0.000
0.136,0.000,0.000,0.330,0.400,-0.281,0.000,0.002,0.067,0.000,0.050,0.535,1.000,0.634,0.861,1.000,0.622,0.097,0.527,0.050,0.038,0.000
0.136,0.000,0.000,0.330,0.400,-0.281,0.000,0.002,0.067,0.000,0.050,0.535,1.000,0.634,0.861,1.000,0.622,0.097,0.527,0.050,0.038,0.000
0.070,0.000,0.000,0.330,0.400,-0.281,0.000,0.002,0.067,0.000,0.050,0.535,1.000,0.634,0.861,1.000,0.622,0.113,0.706,0.100,0.038,0.000
0.070,0.000,0.000,0.330,0.400,-0.281,0.000,0.002,0.067,0.000,0.050,0.535,1.000,0.634,0.861,1.000,0.622,0.113,0.706,0.100,0.038,0.000
0.070,0.000,0.000,0.330,0.400,-0.281,0.000,0.002,0.067,0.000,0.050,0.535,1.000,0.634,0.861,1.000,0.622,0.113,0.706,0.100,0.038,0.000
0.070,0.000,0.000,0.330,0.400,-0.281,0.000,0.002,0.067,0.000,0.050,0.535,1.000,0.651,0.861,1.000,0.622,0.113,0.706,0.100,0.038,0.000
0.030,0.000,0.000,0.330,0.400,-0.281,0.000,0.002,0.067,0.000,0.050,0.535,1.000,0.651,0.861,1.000,0.622,0.120,0.897,0.164,0.038,0.000
0.030,0.000,0.000,0.330,0.400,-0.281,0.000,0.002,0.067,0.000,0.050,0.535,1.000,0.651,0.861,1.000,0.622,0.120,0.897,0.164,0.038,0.000
0.030,0.000,0.000,0.330,0.400,-0.281,0.000,0.002,0.067,0.000,0.050,0.535,1.000,0.651,0.861,1.000,0.622,0.120,0.897,0.164,0.038,0.000
0.030,0.000,0.000,0.330,0.400,-0.281,0.000,0.002,0.067,0.000,0.050,0.535,1.000,0.651,0.861,1.000,0.622,0.120,0.897,0.164,0.038,0.000
0.011,0.000,0.000,0.330,0.400,-0.281,0.000,0.002,0.067,0.000,0.050,0.535,1.000,0.651,0.861,1.000,0.622,0.123,0.988,0.093,0.038,0.000
0.011,0.000,0.000,0.330,0.400,-0.281,0.000,0.002,0.067,0.000,0.050,0.535,1.000,0.651,0.861,1.000,0.622,0.123,0.988,0.093,0.038,0.000
0.011,0.000,0.000,0.330,0.400,-0.281,0.000,0.002,0.067,0.000,0.050,0.535,1.000,0.651,0.861,1.000,0.622,0.123,0.988,0.093,0.038,0.000
0.014,0.000,0.000,0.330,0.400,-0.281,0.000,0.002,0.067,0.000,0.050,0.535,1.000,0.651,0.861,1.000,0.622,0.123,0.988,0.093,0.038,0.000
0.178,0.000,0.778,0.000,0.400,-0.281,0.000,0.002,0.067,0.000,0.050,0.373,1.000,0.651,0.861,1.000,1.000,0.026,-5.199,0.000,0.038,0.000
0.110,0.000,0.000,0.330,0.470,0.358,0.008,0.002,0.067,0.000,0.287,0.488,1.000,0.634,0.861,1.000,1.000,0.176,-5.199,0.000,0.038,0.267
0.110,0.000,0.000,0.330,0.470,0.358,0.008,0.002,0.067,0.000,0.287,0.488,1.000,0.634,0.861,1.000,1.000,0.176,-5.199,0.000,0.038,0.267
0.110,0.000,0.000,0.330,0.470,0.358,0.008,0.002,0.067,0.000,0.287,0.488,1.000,0.634,0.861,1.000,1.000,0.176,-5.199,0.000,0.038,0.267
0.110,0.000,0.000,0.330,0.470,0.358,0.008,0.002,0.067,0.000,0.287,0.488,1.000,0.634,0.861,1.000,1.000,0.176,-5.199,0.000,0.038,0.267
0.110,0.000,0.000,0.330,0.470,0.358,0.008,0.002,0.067,0.000,0.287,0.488,1.000,0.634,0.861,1.000,1.000,0.176,-5.199,0.000,0.038,0.267
0.110,0.000,0.000,0.330,0.470,0.358,0.008,0.002,0.067,0.000,0.287,0.488,1.000,0.634,0.861,1.000,1.000,0.176,-5.199,0.000,0.038,0.267
0.250,0.001,0.000,0.330,0.400,-0.831,0.000,0.002,0.147,1.000,0.050,0.601,1.000,0.634,0.861,1.000,1.000,0.027,1.759,0.053,0.038,0.000
0.250,0.001,0.000,0.330,0.400,-0.831,0.000,0.002,0.147,1.000,0.050,0.601,1.000,0.634,0.861,1.000,1.000,0.054,2.100,0.101,0.038,0.000
0.263,0.002,0.000,0.330,0.400,-0.831,0.000,0.002,0.147,1.000,0.050,0.601,1.000,0.634,0.861,1.000,1.000,0.000,2.369,0.000,0.038,0.000
0.263,0.002,0.000,0.330,0.400,-0.831,0.000,0.002,0.147,1.000,0.050,0.601,1.000,0.634,0.861,1.000,1.000,0.000,2.690,0.001,0.038,0.000
0.006,0.000,0.000,0.330,0.400,-0.831,0.000,0.002,0.004,1.000,0.050,0.274,1.000,0.634,0.861,0.733,1.000,0.025,1.155,0.014,0.019,0.000
0.006,0.000,0.000,0.330,0.400,-0.831,0.000,0.002,0.004,1.000,0.050,0.274,1.000,0.634,0.861,0.733,1.000,0.014,1.155,0.014,0.019,0.000
0.085,0.000,0.000,0.330,0.400,-0.831,0.000,0.002,0.150,1.000,0.050,0.601,1.000,0.634,0.861,1.000,1.000,0.111,-5.199,0.000,0.038,0.000
0.085,0.000,0.000,0.330,0.400,-0.831,0.000,0.002,0.150,1.000,0.050,0.601,1.000,0.634,0.861,1.000,1.000,0.119,-5.199,0.000,0.038,0.000
0.150,0.000,0.000,0.330,0.400,0.427,0.000,0.002,0.263,0.000,0.050,0.601,1.000,0.634,0.861,0.733,1.000,0.037,0.226,0.138,0.038,0.000
0.150,0.000,0.000,0.330,0.400,0.427,0.000,0.002,0.263,0.000,0.050,0.601,1.000,0.634,0.861,0.733,1.000,0.037,0.240,0.139,0.038,0.000
0.150,0.000,0.000,0.330,0.400,0.427,0.000,0.002,0.263,0.000,0.050,0.601,1.000,0.634,0.861,0.733,1.000,0.037,0.226,0.138,0.038,0.000
0.083,0.000,0.000,0.330,0.400,-0.831,0.000,0.002,0.150,0.000,0.050,0.601,1.000,0.634,0.861,0.733,1.000,0.052,0.326,0.233,0.038,0.000
0.083,0.000,0.000,0.330,0.400,-0.831,0.000,0.002,0.150,0.000,0.050,0.601,1.000,0.634,0.861,0.733,1.000,0.052,0.326,0.233,0.038,0.000
0.068,0.000,0.000,0.330,0.400,-0.831,0.000,0.002,0.051,0.000,0.050,0.601,1.000,0.634,0.861,0.733,1.000,0.052,0.326,0.233,0.038,0.000
0.068,0.000,0.000,0.330,0.400,-0.831,0.000,0.002,0.051,0.000,0.050,0.601,1.000,0.634,0.861,0.733,1.000,0.052,0.326,0.233,0.038,0.000
0.143,0.000,0.000,0.330,0.433,0.538,0.008,0.038,0.479,0.000,0.820,0.457,1.000,0.636,0.750,0.991,1.000,0.046,-5.199,0.000,0.000,0.267
0.143,0.000,0.000,0.330,0.421,0.538,0.008,0.038,0.479,0.000,0.820,0.457,1.000,0.636,0.768,0.991,1.000,0.046,-5.199,0.000,0.000,0.267
0.017,0.000,0.000,0.330,0.428,-0.281,0.000,0.002,0.147,0.000,0.050,0.535,0.979,0.651,0.861,1.000,1.000,0.101,0.952,0.107,0.038,0.000
0.014,0.002,0.000,0.330,0.428,-0.281,0.000,0.002,0.147,0.000,0.050,0.535,1.000,0.651,0.861,1.000,1.000,0.116,0.952,0.107,0.038,0.000
0.013,0.000,0.000,0.330,0.428,-0.281,0.000,0.002,0.147,0.000,0.050,0.535,0.994,0.651,0.861,1.000,1.000,0.111,0.952,0.107,0.038,0.000
0.012,0.000,0.000,0.330,0.428,-0.281,0.000,0.002,0.147,0.000,0.050,0.535,1.000,0.651,0.861,1.000,1.000,0.066,-5.199,0.000,0.038,0.000
0.012,0.000,0.000,0.330,0.428,-0.281,0.000,0.002,0.147,0.000,0.050,0.535,1.000,0.651,0.861,1.000,1.000,0.066,-5.199,0.000,0.038,0.000
0.005,0.000,0.000,0.330,0.428,-0.281,0.000,0.002,0.147,0.000,0.050,0.535,1.000,0.651,0.861,1.000,1.000,0.067,-5.199,0.000,0.038,0.000
0.005,0.000,0.000,0.330,0.428,-0.281,0.000,0.002,0.147,0.000,0.050,0.535,1.000,0.651,0.861,1.000,1.000,0.067,-5.199,0.000,0.038,0.000
0.300,0.000,0.000,0.330,0.428,-0.281,0.000,0.002,0.147,0.000,0.050,0.383,1.000,0.651,0.861,1.000,1.000,0.104,-5.199,0.000,0.038,0.000
0.050,0.000,0.000,0.330,0.428,-0.281,0.000,0.002,0.147,0.000,0.050,0.535,1.000,0.651,0.861,1.000,1.000,0.021,-5.199,0.000,0.038,0.000
0.050,0.000,0.000,0.330,0.428,-0.281,0.000,0.002,0.147,0.000,0.050,0.535,1.000,0.651,0.861,1.000,1.000,0.021,-5.199,0.000,0.038,0.000
0.100,0.000,0.000,0.330,0.428,-0.281,0.000,0.002,0.147,0.000,0.050,0.380,1.000,0.651,0.861,1.000,1.000,0.021,-5.199,0.000,0.038,0.000
0.100,0.000,0.000,0.330,0.428,-0.281,0.000,0.002,0.147,0.000,0.050,0.535,1.000,0.651,0.861,1.000,1.000,0.021,-5.199,0.000,0.038,0.000
0.060,0.000,0.000,0.330,0.428,-0.281,0.000,0.002,0.147,0.000,0.050,0.535,1.000,0.651,0.861,1.000,1.000,0.061,-5.199,0.000,0.038,0.000
0.060,0.000,0.000,0.330,0.428,-0.281,0.000,0.002,0.147,0.000,0.050,0.535,1.000,0.651,0.861,1.000,1.000,0.061,-5.199,0.000,0.038,0.000
0.150,0.000,0.000,0.330,0.428,-0.281,0.000,0.002,0.150,0.000,0.050,0.535,1.000,0.651,0.861,1.000,1.000,0.008,5.199,0.000,0.038,0.000
0.009,0.012,0.000,0.330,0.428,-0.281,0.000,0.002,0.150,0.000,0.050,0.535,1.000,0.651,0.861,1.000,1.000,0.009,5.199,0.000,0.038,0.000
0.002,0.000,0.000,0.330,0.333,0.714,0.008,0.019,0.103,0.000,0.287,0.248,1.000,0.825,0.832,0.809,1.000,0.055,-5.199,0.000,0.038,0.267
0.002,0.000,0.000,0.330,0.333,0.714,0.008,0.019,0.103,0.000,0.287,0.248,1.000,0.825,0.832,0.809,1.000,0.055,-5.199,0.000,0.038,0.267
0.000,0.000,0.000,0.330,0.556,0.331,0.000,0.002,0.078,0.000,0.287,0.221,1.000,0.642,0.882,0.500,1.000,0.011,-5.199,0.000,0.038,0.267
0.000,0.000,0.000,0.330,0.556,0.331,0.000,0.002,0.078,0.000,0.287,0.221,1.000,0.642,0.882,0.500,1.000,0.011,-5.199,0.000,0.038,0.267
0.055,0.000,0.000,0.330,0.428,1.294,0.000,0.002,0.147,0.000,0.025,0.431,1.000,0.643,0.861,1.000,1.000,0.073,-5.199,0.000,0.038,0.000
0.055,0.000,0.000,0.330,0.428,1.294,0.000,0.002,0.147,0.000,0.025,0.431,1.000,0.643,0.861,1.000,1.000,0.073,-5.199,0.000,0.038,0.000
0.231,0.000,0.000,0.330,0.414,-0.281,0.000,0.002,0.067,0.000,0.050,0.387,1.000,0.634,0.812,1.000,1.000,0.085,-5.199,0.000,0.038,0.000
0.231,0.000,0.000,0.330,0.414,-0.281,0.000,0.002,0.067,0.000,0.050,0.387,1.000,0.634,0.812,1.000,1.000,0.085,-5.199,0.000,0.038,0.000
0.214,0.000,0.000,0.330,0.386,0.322,0.010,0.002,0.078,0.000,0.287,0.387,1.000,0.634,0.803,1.000,1.000,0.101,-5.199,0.000,0.038,0.267
0.214,0.000,0.000,0.330,0.386,0.322,0.010,0.002,0.078,0.000,0.287,0.387,1.000,0.634,0.803,1.000,1.000,0.101,-5.199,0.000,0.038,0.267
0.250,0.000,0.000,0.330,0.372,1.049,0.008,0.002,0.249,0.000,0.287,0.387,1.000,0.635,0.799,1.000,1.000,0.088,-5.199,0.000,0.029,0.267
0.250,0.000,0.000,0.330,0.372,1.049,0.008,0.002,0.249,0.000,0.287,0.387,1.000,0.635,0.799,1.000,1.000,0.088,-5.199,0.000,0.029,0.267
0.272,0.000,0.000,0.330,0.357,0.358,0.008,0.002,0.045,0.000,0.287,0.387,1.000,0.634,0.795,1.000,1.000,0.080,-5.199,0.000,0.038,0.267
0.272,0.000,0.000,0.330,0.357,0.358,0.008,0.002,0.045,0.000,0.287,0.387,1.000,0.634,0.795,1.000,1.000,0.080,-5.199,0.000,0.038,0.267
0.007,0.000,0.000,0.330,0.667,0.987,0.025,0.003,0.122,0.000,1.000,0.430,1.000,0.158,0.776,1.000,1.000,0.093,-5.199,0.000,0.019,1.000
0.007,0.000,0.000,0.330,0.667,0.987,0.025,0.003,0.122,0.000,1.000,0.430,1.000,0.158,0.776,1.000,1.000,0.093,-5.199,0.000,0.019,1.000
0.007,0.000,0.000,0.330,0.667,0.987,0.025,0.003,0.122,0.000,1.000,0.430,1.000,0.158,0.776,1.000,1.000,0.093,-5.199,0.000,0.019,1.000
0.107,0.000,0.000,0.330,0.357,0.358,0.008,0.002,0.067,0.000,0.287,0.372,1.000,0.634,0.823,1.000,1.000,0.055,0.126,0.058,0.038,0.267
0.040,0.000,0.889,0.044,0.428,-1.473,0.000,0.002,0.173,0.000,0.000,0.325,1.000,0.634,0.815,1.000,1.000,0.100,0.058,0.143,0.038,0.000
0.040,0.000,0.889,0.044,0.428,-1.473,0.000,0.002,0.173,0.000,0.000,0.325,1.000,0.634,0.815,1.000,1.000,0.100,0.058,0.143,0.038,0.000
0.040,0.000,0.889,0.044,0.428,-1.473,0.000,0.002,0.173,0.000,0.000,0.325,1.000,0.634,0.815,1.000,1.000,0.100,0.058,0.143,0.038,0.000
0.040,0.000,0.889,0.044,0.428,-1.473,0.000,0.002,0.173,0.000,0.000,0.325,1.000,0.634,0.815,1.000,1.000,0.100,0.058,0.143,0.038,0.000
0.040,0.000,0.889,0.044,0.428,-1.473,0.000,0.002,0.173,0.000,0.000,0.325,1.000,0.634,0.815,1.000,1.000,0.100,0.058,0.143,0.038,0.000
0.040,0.000,0.889,0.044,0.428,-1.473,0.000,0.002,0.173,0.000,0.000,0.325,1.000,0.634,0.815,1.000,1.000,0.100,0.058,0.143,0.038,0.000
0.210,0.000,0.000,0.330,0.428,1.440,0.000,0.030,0.112,1.000,0.000,0.327,1.000,1.000,0.815,0.244,1.000,0.069,0.726,0.004,1.000,0.000
0.375,0.000,0.000,0.330,1.000,1.440,0.000,0.163,0.173,0.000,0.000,0.327,1.000,1.000,0.815,1.000,1.000,0.088,-5.199,0.000,0.019,0.000
0.094,0.000,0.000,0.330,1.000,1.440,0.000,0.163,0.173,0.000,0.000,0.327,1.000,1.000,0.815,1.000,1.000,0.073,-5.199,0.000,0.019,0.000
0.083,0.000,0.000,0.330,1.000,1.440,0.000,0.163,0.173,0.000,0.000,0.327,1.000,0.909,0.815,1.000,1.000,0.057,-5.199,0.000,0.019,0.000
0.055,0.000,0.000,0.330,1.000,1.440,0.000,0.162,0.173,0.000,0.000,0.327,1.000,0.818,0.815,1.000,1.000,0.025,-5.199,0.000,0.019,0.000
0.375,0.000,0.000,0.330,1.000,1.440,0.000,0.163,0.173,0.000,0.000,0.327,1.000,1.000,0.815,1.000,1.000,0.088,-5.199,0.000,0.019,0.000
0.094,0.000,0.000,0.330,1.000,1.440,0.000,0.163,0.173,0.000,0.000,0.327,1.000,1.000,0.815,1.000,1.000,0.073,-5.199,0.000,0.019,0.000
0.083,0.000,0.000,0.330,1.000,1.440,0.000,0.163,0.173,0.000,0.000,0.327,1.000,0.909,0.815,1.000,1.000,0.057,-5.199,0.000,0.019,0.000
0.055,0.000,0.000,0.330,1.000,1.440,0.000,0.162,0.173,0.000,0.000,0.327,1.000,0.818,0.815,1.000,1.000,0.025,-5.199,0.000,0.019,0.000
0.474,0.000,0.000,0.330,1.000,1.440,0.000,0.163,0.173,0.000,0.000,0.327,1.000,1.000,0.815,1.000,1.000,0.059,-5.199,0.000,0.019,0.000
0.010,0.000,0.000,0.330,1.000,1.440,0.000,0.002,0.173,0.000,0.000,0.327,1.000,0.651,0.815,1.000,1.000,0.066,2.061,0.135,0.038,0.000
0.333,0.000,0.000,0.330,1.000,1.440,0.000,0.163,0.173,0.000,0.000,0.389,1.000,1.000,0.815,1.000,1.000,0.082,0.732,0.031,0.019,0.000
0.428,0.000,0.000,0.330,1.000,1.440,0.000,0.163,0.173,0.000,0.000,0.389,1.000,1.000,0.815,1.000,1.000,0.102,1.133,0.053,0.019,0.000
0.750,0.000,0.000,0.330,1.000,1.440,0.000,0.163,0.173,0.000,0.000,0.389,1.000,1.000,0.815,1.000,1.000,0.078,0.970,0.019,0.019,0.000
0.750,0.000,0.000,0.330,1.000,1.707,0.000,0.163,0.173,0.000,0.000,0.389,1.000,1.000,0.815,1.000,1.000,0.038,0.874,0.004,0.019,0.000
1.000,0.000,0.000,0.330,1.000,1.440,0.000,0.163,0.173,0.000,0.000,0.389,1.000,1.000,0.815,1.000,1.000,0.035,1.271,0.014,0.019,0.000
1.000,0.000,0.000,0.330,1.000,1.440,0.000,0.163,0.173,0.000,0.000,0.389,1.000,1.000,0.815,1.000,1.000,0.027,1.186,0.005,0.019,0.000
0.750,0.000,0.000,0.330,1.000,1.440,0.000,0.163,0.173,0.000,0.000,0.389,1.000,1.000,0.815,1.000,1.000,0.061,0.738,0.006,0.019,0.000
0.600,0.000,0.000,0.330,1.000,1.440,0.000,0.163,0.173,0.000,0.000,0.389,1.000,1.000,0.815,1.000,1.000,0.026,1.125,0.004,0.019,0.000
0.018,0.000,0.000,0.330,0.328,-5.199,0.008,0.002,0.001,0.000,0.287,0.383,1.000,0.634,0.853,1.000,1.000,0.103,-5.199,0.000,0.038,0.267
0.416,0.000,0.444,0.205,0.345,0.809,0.000,0.030,0.000,0.000,0.414,0.366,1.000,1.000,0.859,1.000,1.000,0.041,0.295,0.001,0.000,0.067
0.416,0.000,0.444,0.205,0.302,0.809,0.000,0.030,0.000,0.000,0.414,0.366,1.000,1.000,0.859,1.000,1.000,0.041,0.295,0.001,0.000,0.067
0.341,0.000,0.444,0.205,0.268,0.809,0.000,0.030,0.000,0.000,0.414,0.366,1.000,1.000,0.859,1.000,1.000,0.048,0.647,0.005,0.000,0.067
0.341,0.000,0.444,0.205,0.242,0.809,0.000,0.030,0.000,0.000,0.414,0.366,1.000,1.000,0.859,1.000,1.000,0.048,0.647,0.005,0.000,0.067
0.021,0.000,0.000,0.330,0.372,0.281,1.000,0.003,0.159,0.000,0.215,0.303,1.000,0.000,0.874,1.000,1.000,0.059,-5.199,0.000,0.750,0.000
0.050,0.000,0.889,0.044,0.372,-0.888,1.000,0.023,0.017,0.000,0.215,0.537,1.000,0.000,0.874,1.000,1.000,0.091,0.083,0.179,0.750,0.000
0.050,0.000,0.889,0.044,0.372,-0.888,1.000,0.023,0.017,0.000,0.215,0.537,1.000,0.000,0.874,1.000,1.000,0.091,0.083,0.179,0.750,0.000
0.050,0.000,0.889,0.044,0.372,-0.888,1.000,0.023,0.017,0.000,0.215,0.537,1.000,0.000,0.874,1.000,1.000,0.091,0.083,0.179,0.750,0.000
0.050,0.000,0.889,0.044,0.372,-0.888,1.000,0.023,0.017,0.000,0.215,0.537,1.000,0.000,0.874,1.000,1.000,0.091,0.083,0.179,0.750,0.000
0.050,0.000,0.889,0.044,0.372,-0.888,1.000,0.023,0.017,0.000,0.215,0.537,1.000,0.000,0.874,1.000,1.000,0.091,0.083,0.179,0.750,0.000
0.050,0.000,0.889,0.044,0.372,-0.888,1.000,0.023,0.017,0.000,0.215,0.537,1.000,0.000,0.874,1.000,1.000,0.091,0.083,0.179,0.750,0.000
0.185,0.000,0.000,0.330,0.372,0.281,1.000,0.003,0.159,1.000,0.215,0.524,1.000,0.000,0.874,1.000,1.000,0.023,0.514,0.000,0.750,0.000
0.003,0.000,0.000,0.330,0.683,0.714,0.008,0.019,0.103,0.000,0.287,0.215,1.000,0.825,0.875,0.809,1.000,0.119,1.876,0.181,0.019,0.267
0.003,0.000,0.000,0.330,0.683,0.714,0.008,0.019,0.103,0.000,0.287,0.215,1.000,0.825,0.875,0.809,1.000,0.119,1.876,0.181,0.019,0.267
0.003,0.000,0.000,0.330,0.683,0.714,0.008,0.019,0.103,0.000,0.287,0.215,1.000,0.825,0.875,0.809,1.000,0.119,1.876,0.181,0.019,0.267
0.007,0.000,0.000,0.330,0.867,0.281,1.000,0.003,0.159,0.000,1.000,0.486,1.000,0.000,0.874,1.000,1.000,0.057,-5.199,0.000,0.019,1.000
0.007,0.000,0.000,0.330,0.867,0.281,1.000,0.003,0.159,0.000,1.000,0.525,1.000,0.000,0.874,1.000,1.000,0.057,-5.199,0.000,0.019,1.000
0.007,0.000,0.000,0.330,0.867,0.281,1.000,0.003,0.159,0.000,1.000,0.525,1.000,0.000,0.874,1.000,1.000,0.057,-5.199,0.000,0.019,1.000
0.021,0.000,0.000,0.330,0.600,0.392,0.258,0.002,0.091,0.000,0.287,0.587,0.779,0.480,0.800,1.000,1.000,0.055,-5.199,0.193,0.038,0.267
0.021,0.000,0.000,0.330,0.600,0.392,0.258,0.002,0.091,0.000,0.287,0.587,0.779,0.480,0.800,1.000,1.000,0.055,-5.199,0.193,0.038,0.267
0.021,0.000,0.000,0.330,0.600,0.392,0.258,0.002,0.091,0.000,0.287,0.587,0.779,0.480,0.800,1.000,1.000,0.055,-5.199,0.193,0.038,0.267
0.106,0.000,0.000,0.330,0.375,0.442,0.000,0.002,0.693,0.000,0.050,0.299,1.000,0.634,0.835,1.000,1.000,0.062,0.272,0.003,1.000,0.000
0.106,0.000,0.000,0.330,0.375,0.442,0.000,0.002,0.693,0.000,0.050,0.299,1.000,0.634,0.835,1.000,1.000,0.062,0.272,0.003,1.000,0.000
0.106,0.000,0.000,0.330,0.375,0.442,0.000,0.002,0.693,0.000,0.050,0.299,1.000,0.634,0.835,1.000,1.000,0.062,0.272,0.003,1.000,0.000
0.083,0.000,0.000,0.330,0.343,0.491,0.000,0.002,0.693,0.000,0.050,0.299,1.000,0.634,0.801,1.000,1.000,0.069,0.378,0.010,1.000,0.000
0.083,0.000,0.000,0.330,0.343,0.491,0.000,0.002,0.693,0.000,0.050,0.299,1.000,0.634,0.801,1.000,1.000,0.069,0.378,0.010,1.000,0.000
0.083,0.000,0.000,0.330,0.343,0.491,0.000,0.002,0.693,0.000,0.050,0.299,1.000,0.634,0.801,1.000,1.000,0.069,0.378,0.010,1.000,0.000
0.067,0.000,0.000,0.330,0.314,1.228,0.008,0.037,0.052,0.000,0.820,0.297,1.000,0.909,0.771,1.000,1.000,0.128,0.400,0.011,0.500,0.267
0.067,0.000,0.000,0.330,0.314,1.228,0.008,0.037,0.052,0.000,0.820,0.297,1.000,0.909,0.771,1.000,1.000,0.128,0.400,0.011,0.500,0.267
0.067,0.000,0.000,0.330,0.314,1.228,0.008,0.037,0.052,0.000,0.820,0.297,1.000,0.909,0.771,1.000,1.000,0.128,0.400,0.011,0.500,0.267
0.151,0.000,0.000,0.330,0.414,0.307,0.000,0.020,0.522,0.000,0.760,0.493,1.000,0.636,0.816,1.000,1.000,0.062,-5.199,0.000,1.000,0.067
0.151,0.000,0.000,0.330,0.414,0.307,0.000,0.020,0.522,0.000,0.760,0.493,1.000,0.636,0.816,1.000,1.000,0.062,-5.199,0.000,1.000,0.067
0.151,0.000,0.000,0.330,0.414,0.307,0.000,0.020,0.522,0.000,0.760,0.493,1.000,0.636,0.816,1.000,1.000,0.062,-5.199,0.000,1.000,0.067
0.151,0.000,0.000,0.330,0.414,0.307,0.000,0.020,0.522,0.000,0.760,0.493,1.000,0.636,0.816,1.000,1.000,0.062,-5.199,0.000,1.000,0.067
0.179,0.000,0.000,0.330,0.400,0.473,0.000,0.023,0.390,0.000,0.227,0.493,1.000,0.634,0.818,1.000,1.000,0.068,-5.199,0.000,0.750,0.000
0.179,0.000,0.000,0.330,0.400,0.473,0.000,0.023,0.390,0.000,0.227,0.493,1.000,0.634,0.818,1.000,1.000,0.068,-5.199,0.000,0.750,0.000
0.179,0.000,0.000,0.330,0.400,0.473,0.000,0.023,0.390,0.000,0.227,0.493,1.000,0.634,0.818,1.000,1.000,0.068,-5.199,0.000,0.750,0.000
0.179,0.000,0.000,0.330,0.400,0.473,0.000,0.023,0.390,0.000,0.227,0.493,1.000,0.634,0.818,1.000,1.000,0.068,-5.199,0.000,0.750,0.000
0.217,0.000,0.000,0.330,0.366,0.177,0.025,0.030,0.028,1.000,0.762,0.198,1.000,0.634,0.858,1.000,1.000,0.125,-5.199,0.000,0.038,0.733
0.229,0.000,0.000,0.330,0.386,0.744,0.000,0.023,0.270,0.000,0.760,0.493,1.000,0.636,0.820,1.000,1.000,0.070,-5.199,0.000,0.000,0.067
0.229,0.000,0.000,0.330,0.386,0.744,0.000,0.023,0.270,0.000,0.760,0.493,1.000,0.636,0.820,1.000,1.000,0.070,-5.199,0.000,0.000,0.067
0.229,0.000,0.000,0.330,0.386,0.744,0.000,0.023,0.270,0.000,0.760,0.493,1.000,0.636,0.820,1.000,1.000,0.070,-5.199,0.000,0.000,0.067
0.229,0.000,0.000,0.330,0.386,0.744,0.000,0.023,0.270,0.000,0.760,0.493,1.000,0.636,0.820,1.000,1.000,0.070,-5.199,0.000,0.000,0.067
0.246,0.000,0.000,0.330,0.372,1.073,0.025,0.026,0.083,0.000,0.940,0.493,1.000,0.818,0.822,1.000,1.000,0.070,-5.199,0.000,0.000,0.733
0.246,0.000,0.000,0.330,0.372,1.073,0.025,0.026,0.083,0.000,0.940,0.493,1.000,0.818,0.822,1.000,1.000,0.070,-5.199,0.000,0.000,0.733
0.246,0.000,0.000,0.330,0.372,1.073,0.025,0.026,0.083,0.000,0.940,0.493,1.000,0.818,0.822,1.000,1.000,0.070,-5.199,0.000,0.000,0.733
0.246,0.000,0.000,0.330,0.372,1.073,0.025,0.026,0.083,0.000,0.940,0.493,1.000,0.818,0.822,1.000,1.000,0.070,-5.199,0.000,0.000,0.733
0.265,0.000,0.000,0.330,0.357,1.195,0.000,0.030,0.069,0.000,0.940,0.493,0.997,0.818,0.823,1.000,1.000,0.075,-5.199,0.000,0.000,0.733
0.265,0.000,0.000,0.330,0.357,1.195,0.000,0.030,0.069,0.000,0.940,0.493,0.997,0.818,0.823,1.000,1.000,0.075,-5.199,0.000,0.000,0.733
0.265,0.000,0.000,0.330,0.357,1.195,0.000,0.030,0.069,0.000,0.940,0.493,0.997,0.818,0.823,1.000,1.000,0.075,-5.199,0.000,0.000,0.733
0.265,0.000,0.000,0.330,0.357,1.195,0.000,0.030,0.069,0.000,0.940,0.493,0.997,0.818,0.823,1.000,1.000,0.075,-5.199,0.000,0.000,0.733
0.291,0.000,0.000,0.330,0.343,1.263,0.000,0.030,0.069,0.000,0.940,0.493,0.997,0.818,0.825,1.000,1.000,0.061,-5.199,0.000,0.750,0.733
0.291,0.000,0.000,0.330,0.343,1.263,0.000,0.030,0.069,0.000,0.940,0.493,0.997,0.818,0.825,1.000,1.000,0.061,-5.199,0.000,0.750,0.733
0.291,0.000,0.000,0.330,0.343,1.263,0.000,0.030,0.069,0.000,0.940,0.493,0.997,0.818,0.825,1.000,1.000,0.061,-5.199,0.000,0.750,0.733
0.291,0.000,0.000,0.330,0.343,1.263,0.000,0.030,0.069,0.000,0.940,0.493,0.997,0.818,0.825,1.000,1.000,0.061,-5.199,0.000,0.750,0.733
0.341,0.000,0.000,0.330,0.328,0.922,0.025,0.030,0.000,0.000,1.000,0.493,0.997,0.818,0.827,1.000,1.000,0.053,-5.199,0.000,0.000,1.000
0.341,0.000,0.000,0.330,0.328,0.922,0.025,0.030,0.000,0.000,1.000,0.493,0.997,0.818,0.827,1.000,1.000,0.053,-5.199,0.000,0.000,1.000
0.341,0.000,0.000,0.330,0.328,0.922,0.025,0.030,0.000,0.000,1.000,0.493,0.997,0.818,0.827,1.000,1.000,0.053,-5.199,0.000,0.000,1.000
0.341,0.000,0.000,0.330,0.328,0.922,0.025,0.030,0.000,0.000,1.000,0.493,0.997,0.818,0.827,1.000,1.000,0.053,-5.199,0.000,0.000,1.000
0.337,0.000,0.000,0.330,0.314,0.771,0.000,0.030,0.000,0.000,0.604,0.493,0.997,0.636,0.828,1.000,1.000,0.037,-5.199,0.000,0.000,0.067
0.337,0.000,0.000,0.330,0.314,0.771,0.000,0.030,0.000,0.000,0.604,0.493,0.997,0.636,0.828,1.000,1.000,0.037,-5.199,0.000,0.000,0.067
0.337,0.000,0.000,0.330,0.314,0.771,0.000,0.030,0.000,0.000,0.604,0.493,0.997,0.636,0.828,1.000,1.000,0.037,-5.199,0.000,0.000,0.067
0.337,0.000,0.000,0.330,0.314,0.771,0.000,0.030,0.000,0.000,0.604,0.493,0.997,0.636,0.828,1.000,1.000,0.037,-5.199,0.000,0.000,0.067
0.366,0.000,0.000,0.330,0.300,0.809,0.000,0.030,0.000,0.000,0.604,0.493,0.997,0.636,0.830,1.000,1.000,0.026,-5.199,0.000,0.000,0.067
0.366,0.000,0.000,0.330,0.300,0.809,0.000,0.030,0.000,0.000,0.604,0.493,0.997,0.636,0.830,1.000,1.000,0.026,-5.199,0.000,0.000,0.067
0.366,0.000,0.000,0.330,0.300,0.809,0.000,0.030,0.000,0.000,0.604,0.493,0.997,0.636,0.830,1.000,1.000,0.026,-5.199,0.000,0.000,0.067
0.366,0.000,0.000,0.330,0.300,0.809,0.000,0.030,0.000,0.000,0.604,0.493,0.997,0.636,0.830,1.000,1.000,0.026,-5.199,0.000,0.000,0.067
0.376,0.000,0.000,0.330,0.286,-1.366,0.034,0.036,0.132,0.000,1.000,0.493,1.000,1.000,0.831,1.000,1.000,0.016,-5.199,0.000,1.000,1.000
0.376,0.000,0.000,0.330,0.286,-1.366,0.034,0.036,0.132,0.000,1.000,0.493,1.000,1.000,0.831,1.000,1.000,0.016,-5.199,0.000,1.000,1.000
0.376,0.000,0.000,0.330,0.286,-1.366,0.034,0.036,0.132,0.000,1.000,0.493,1.000,1.000,0.831,1.000,1.000,0.016,-5.199,0.000,1.000,1.000
0.376,0.000,0.000,0.330,0.286,-1.366,0.034,0.036,0.132,0.000,1.000,0.493,1.000,1.000,0.831,1.000,1.000,0.016,-5.199,0.000,1.000,1.000
0.376,0.000,0.000,0.330,0.286,-1.366,0.034,0.036,0.132,0.000,1.000,0.493,1.000,1.000,0.831,1.000,1.000,0.016,-5.199,0.000,1.000,1.000
0.376,0.000,0.000,0.330,0.286,-1.366,0.034,0.036,0.132,0.000,1.000,0.493,1.000,1.000,0.831,1.000,1.000,0.016,-5.199,0.000,1.000,1.000
0.376,0.000,0.000,0.330,0.286,-1.366,0.034,0.036,0.132,0.000,1.000,0.493,1.000,1.000,0.831,1.000,1.000,0.016,-5.199,0.000,1.000,1.000
0.376,0.000,0.000,0.330,0.286,-1.366,0.034,0.036,0.132,0.000,1.000,0.493,1.000,1.000,0.831,1.000,1.000,0.016,-5.199,0.000,1.000,1.000
0.376,0.000,0.000,0.330,0.286,-1.366,0.034,0.036,0.132,0.000,1.000,0.493,1.000,1.000,0.831,1.000,1.000,0.016,-5.199,0.000,1.000,1.000
0.376,0.000,0.000,0.330,0.286,-1.366,0.034,0.036,0.132,0.000,1.000,0.493,1.000,1.000,0.831,1.000,1.000,0.016,-5.199,0.000,1.000,1.000
0.376,0.000,0.000,0.330,0.286,-1.366,0.034,0.036,0.132,0.000,1.000,0.493,1.000,1.000,0.831,1.000,1.000,0.016,-5.199,0.000,1.000,1.000
0.045,0.000,0.000,0.330,0.286,-1.616,0.034,0.036,0.258,0.000,1.000,0.493,1.000,1.000,0.831,1.000,1.000,0.014,-5.199,0.000,1.000,1.000
0.045,0.000,0.000,0.330,0.286,-1.616,0.034,0.036,0.258,0.000,1.000,0.493,1.000,1.000,0.831,1.000,1.000,0.014,-5.199,0.000,1.000,1.000
0.045,0.000,0.000,0.330,0.286,-1.616,0.034,0.036,0.258,0.000,1.000,0.493,1.000,1.000,0.831,1.000,1.000,0.014,-5.199,0.000,1.000,1.000
0.045,0.000,0.000,0.330,0.286,-1.616,0.034,0.036,0.258,0.000,1.000,0.493,1.000,1.000,0.831,1.000,1.000,0.014,-5.199,0.000,1.000,1.000
0.045,0.000,0.000,0.330,0.286,-1.616,0.034,0.036,0.258,0.000,1.000,0.493,1.000,1.000,0.831,1.000,1.000,0.014,-5.199,0.000,1.000,1.000
0.045,0.000,0.000,0.330,0.286,-1.616,0.034,0.036,0.258,0.000,1.000,0.493,1.000,1.000,0.831,1.000,1.000,0.014,-5.199,0.000,1.000,1.000
0.045,0.000,0.000,0.330,0.286,-1.616,0.034,0.036,0.258,0.000,1.000,0.493,1.000,1.000,0.831,1.000,1.000,0.014,-5.199,0.000,1.000,1.000
0.045,0.000,0.000,0.330,0.286,-1.616,0.034,0.036,0.258,0.000,1.000,0.493,1.000,1.000,0.831,1.000,1.000,0.014,-5.199,0.000,1.000,1.000
0.045,0.000,0.000,0.330,0.286,-1.616,0.034,0.036,0.258,0.000,1.000,0.493,1.000,1.000,0.831,1.000,1.000,0.014,-5.199,0.000,1.000,1.000
0.045,0.000,0.000,0.330,0.286,-1.616,0.034,0.036,0.258,0.000,1.000,0.493,1.000,1.000,0.831,1.000,1.000,0.014,-5.199,0.000,1.000,1.000
0.045,0.000,0.000,0.330,0.286,-1.616,0.034,0.036,0.258,0.000,1.000,0.493,1.000,1.000,0.831,1.000,1.000,0.014,-5.199,0.000,1.000,1.000
0.045,0.000,0.000,0.330,0.286,-1.616,0.034,0.036,0.258,0.000,1.000,0.493,1.000,1.000,0.831,1.000,1.000,0.014,-5.199,0.000,1.000,1.000
0.045,0.000,0.000,0.330,0.286,-1.616,0.034,0.036,0.258,0.000,1.000,0.493,1.000,1.000,0.831,1.000,1.000,0.014,-5.199,0.000,1.000,1.000
0.150,0.000,0.000,0.330,0.286,0.168,0.034,0.036,0.190,1.000,1.000,0.493,1.000,1.000,0.831,1.000,1.000,0.055,0.823,0.004,1.000,1.000
0.150,0.000,0.000,0.330,0.286,0.168,0.034,0.036,0.190,1.000,1.000,0.493,1.000,1.000,0.831,1.000,1.000,0.055,0.823,0.004,1.000,1.000
0.150,0.000,0.000,0.330,0.286,0.168,0.034,0.036,0.190,1.000,1.000,0.493,1.000,1.000,0.831,1.000,1.000,0.055,0.823,0.004,1.000,1.000
0.007,0.000,0.000,0.330,0.667,0.987,0.034,0.021,0.313,0.000,1.000,0.493,1.000,0.159,0.831,1.000,1.000,0.086,-5.199,0.000,0.019,1.000
0.007,0.000,0.000,0.330,0.667,0.987,0.034,0.021,0.313,0.000,1.000,0.493,1.000,0.159,0.831,1.000,1.000,0.086,-5.199,0.000,0.019,1.000
0.007,0.000,0.000,0.330,0.667,0.987,0.034,0.021,0.313,0.000,1.000,0.493,1.000,0.159,0.831,1.000,1.000,0.086,-5.199,0.000,0.019,1.000
0.007,0.000,0.000,0.330,0.667,0.987,0.034,0.021,0.313,0.000,1.000,0.493,1.000,0.159,0.831,1.000,1.000,0.086,-5.199,0.000,0.019,1.000
0.300,0.000,0.000,0.330,0.667,0.987,0.034,0.036,0.083,0.000,1.000,0.347,0.997,1.000,0.831,1.000,1.000,0.129,0.854,0.051,1.000,1.000
0.750,0.000,0.000,0.330,0.667,0.987,0.034,0.036,0.096,0.000,1.000,0.347,0.997,1.000,0.831,1.000,1.000,0.036,0.935,0.004,1.000,1.000
0.750,0.000,0.000,0.330,0.667,0.987,0.034,0.036,0.096,0.000,1.000,0.347,0.997,1.000,0.831,1.000,1.000,0.041,0.861,0.004,1.000,1.000
0.600,0.000,0.000,0.330,0.667,0.987,0.034,0.036,0.096,0.000,1.000,0.347,0.997,1.000,0.831,1.000,1.000,0.045,0.810,0.004,1.000,1.000
0.600,0.000,0.000,0.330,0.667,0.987,0.034,0.036,0.096,0.000,1.000,0.347,0.997,1.000,0.831,1.000,1.000,0.086,0.720,0.013,1.000,1.000
0.272,0.000,0.000,0.330,0.667,0.987,0.034,0.036,0.083,0.000,1.000,0.347,0.997,1.000,0.831,1.000,1.000,0.113,0.963,0.071,1.000,1.000
0.209,0.001,0.000,0.330,0.667,0.987,0.034,0.036,0.132,0.000,1.000,0.347,1.000,1.000,0.831,1.000,1.000,0.104,0.848,0.030,1.000,1.000
