Area/volume,Max/min(size),org_coating_HAcceptors,org_coating_LogP,common_spin,Effective anisotropy constant (J/m3),magnetic anisotropy constant (J/m3),magnetocrystalline anisotropy constant (J/m3),Anisotropy constant ,Crystalline,MAE,Curie temperature (K),Spehricity,exchange constant (J/m) *10^-12,Electronegativity core,Space group,Demagnetization factors (Nd),Saturation magnetization (emu/g),Coercivity (Oe),Remanence magnetization (emu/g),interdomain coupling (alpha),mass_magnetic_susceptibility(emu/Oe*g)
0.429,1.000,0.000,0.000,0.917,6000.000,34000.000,11000.000,34000.000,0.000,140000.000,655.000,1.000,0.100,2.753,167.000,0.333,28.000,3.564,19.253,0.500,0.000
0.423,1.000,7.000,-3.288,1.000,64700.000,223000.000,216000.000,1500.000,0.000,2004244.750,750.000,1.000,0.170,2.750,227.000,0.333,20.000,0.000,0.000,0.156,0.015
0.435,1.000,7.000,-3.288,1.000,64700.000,223000.000,216000.000,2000.000,0.000,2004244.750,677.500,1.000,0.170,2.750,227.000,0.333,20.000,0.000,0.000,0.156,0.015
0.353,1.000,1.000,3.212,1.000,38825.000,223000.000,437750.000,82000.000,1.000,2670000.000,750.000,1.000,-5.150,2.751,227.000,0.333,73.500,143.000,10.800,0.500,0.015
0.353,1.000,1.000,3.212,1.000,38825.000,223000.000,437750.000,82000.000,1.000,2670000.000,750.000,1.000,-5.150,2.751,227.000,0.333,86.200,9.100,69.000,0.500,0.015
0.500,1.000,0.000,0.000,1.000,200000.000,3300.000,580000.000,82000.000,0.000,6979.000,655.000,1.000,0.170,2.751,227.000,0.333,82.000,7.400,65.000,9.100,0.015
0.500,1.000,0.000,0.000,1.000,200000.000,3300.000,580000.000,82000.000,0.000,6979.000,655.000,1.000,0.170,2.751,227.000,0.333,82.000,7.400,65.000,9.100,0.015
0.500,1.000,0.000,0.000,1.000,200000.000,3300.000,580000.000,82000.000,0.000,6979.000,655.000,1.000,0.170,2.751,227.000,0.333,82.000,7.400,65.000,9.100,0.015
0.423,1.000,7.000,-3.288,1.000,64700.000,223000.000,437750.000,82000.000,0.000,2004244.750,750.000,1.000,-5.150,2.751,227.000,0.333,20.000,0.000,0.000,0.500,0.015
0.158,1.000,0.000,0.000,1.011,18800.000,55828.000,11000.000,21000.000,0.000,772500.000,793.500,1.000,0.120,2.746,227.000,0.333,93.000,0.000,0.000,0.500,0.004
0.316,1.000,1.000,3.212,1.000,29900.000,223000.000,837750.000,119000.000,0.000,2670000.000,750.000,1.000,-5.150,2.752,227.000,0.333,63.970,94.120,8.107,0.500,0.015
0.316,1.000,1.000,3.212,1.000,29900.000,223000.000,837750.000,119000.000,0.000,2670000.000,750.000,1.000,-5.150,2.752,227.000,0.333,63.970,94.120,6.107,0.500,0.015
0.333,1.000,0.000,0.000,1.000,200000.000,3300.000,820000.000,119000.000,0.000,6979.000,655.000,1.000,0.170,2.752,227.000,0.333,84.000,10.597,70.000,9.100,0.015
0.333,1.000,0.000,0.000,1.000,200000.000,3300.000,820000.000,119000.000,0.000,6979.000,655.000,1.000,0.170,2.752,227.000,0.333,84.000,10.597,70.000,9.100,0.015
0.333,1.000,0.000,0.000,1.000,200000.000,3300.000,1700000.000,119000.000,0.000,6979.000,655.000,1.000,0.170,2.752,227.000,0.333,84.000,10.597,70.000,9.100,0.015
0.300,1.000,1.000,3.212,1.000,320400.000,3300.000,5280000.000,275000.000,1.000,6979.000,624.750,1.000,0.170,2.754,227.000,0.333,73.750,13.580,49.200,9.100,0.015
0.300,1.000,1.000,3.212,1.000,320400.000,3300.000,5280000.000,275000.000,1.000,6979.000,624.750,1.000,0.170,2.754,227.000,0.333,40.000,2.545,30.000,9.100,0.015
0.300,1.000,1.000,3.212,1.000,320400.000,3300.000,5280000.000,275000.000,1.000,6979.000,624.750,1.000,0.170,2.754,227.000,0.333,60.000,2.545,30.000,9.100,0.015
0.300,1.000,1.000,3.212,1.000,320400.000,3300.000,5280000.000,275000.000,1.000,6979.000,624.750,1.000,0.170,2.754,227.000,0.333,60.000,2.545,30.000,9.100,0.015
0.300,1.000,1.000,3.212,1.000,320400.000,3300.000,5280000.000,275000.000,1.000,6979.000,624.750,1.000,0.170,2.754,227.000,0.333,60.000,2.545,30.000,9.100,0.015
0.300,1.000,1.000,3.212,1.000,320400.000,3300.000,5280000.000,275000.000,1.000,6979.000,624.750,1.000,0.170,2.754,227.000,0.333,60.000,2.545,30.000,9.100,0.015
0.300,1.000,1.000,3.212,1.000,320400.000,3300.000,5280000.000,275000.000,1.000,6979.000,624.750,1.000,0.170,2.754,227.000,0.333,60.000,2.545,30.000,9.100,0.015
0.300,1.000,1.000,3.212,1.000,320400.000,3300.000,5280000.000,275000.000,1.000,6979.000,624.750,1.000,0.170,2.754,227.000,0.333,60.000,2.545,30.000,9.100,0.015
0.300,1.000,1.000,3.212,1.000,320400.000,3300.000,5280000.000,275000.000,1.000,6979.000,624.750,1.000,0.170,2.754,227.000,0.333,60.000,2.545,30.000,9.100,0.015
0.300,1.000,1.000,3.212,1.000,320400.000,3300.000,5280000.000,275000.000,1.000,6979.000,624.750,1.000,0.170,2.754,227.000,0.333,60.000,2.545,30.000,9.100,0.015
0.300,1.000,1.000,3.212,1.000,320400.000,3300.000,5280000.000,275000.000,1.000,6979.000,624.750,1.000,0.170,2.754,227.000,0.333,60.000,2.545,30.000,9.100,0.015
0.300,1.000,1.000,3.212,1.000,320400.000,3300.000,5280000.000,275000.000,1.000,6979.000,624.750,1.000,0.170,2.754,227.000,0.333,60.000,2.545,30.000,9.100,0.015
0.300,1.000,1.000,3.212,1.000,320400.000,223000.000,5280000.000,275000.000,1.000,2670000.000,534.000,1.000,0.170,2.754,227.000,0.333,60.000,2.545,30.000,0.156,0.015
0.250,1.000,0.000,0.000,1.000,200000.000,223000.000,1700000.000,275000.000,0.000,2004244.750,624.750,1.000,0.170,2.754,227.000,0.333,77.000,15.701,67.000,9.100,0.015
0.250,1.000,0.000,0.000,1.000,200000.000,3300.000,1700000.000,25000.000,0.000,6979.000,655.000,1.000,0.170,2.754,227.000,0.333,77.000,15.701,67.000,9.100,0.015
0.250,1.000,0.000,0.000,1.000,200000.000,3300.000,1700000.000,25000.000,0.000,6979.000,655.000,1.000,0.170,2.754,227.000,0.333,77.000,15.701,67.000,9.100,0.015
0.222,1.000,1.000,3.212,1.000,39950.000,223000.000,200000.000,294000.000,0.000,2670000.000,550.500,1.000,0.170,2.755,227.000,0.333,60.000,7.360,40.000,9.100,0.015
0.222,1.000,1.000,3.212,1.000,39950.000,223000.000,200000.000,294000.000,0.000,2670000.000,550.500,1.000,0.170,2.755,227.000,0.333,70.000,400.000,20.000,9.100,0.015
0.222,1.000,1.000,3.212,1.000,39950.000,223000.000,200000.000,294000.000,0.000,2670000.000,550.500,1.000,0.170,2.755,227.000,0.333,70.000,400.000,20.000,9.100,0.015
0.222,1.000,1.000,3.212,1.000,39950.000,223000.000,200000.000,294000.000,0.000,2670000.000,550.500,1.000,0.170,2.755,227.000,0.333,70.000,400.000,20.000,9.100,0.015
0.222,1.000,1.000,3.212,1.000,39950.000,223000.000,200000.000,294000.000,0.000,2670000.000,550.500,1.000,0.170,2.755,227.000,0.333,70.000,400.000,20.000,9.100,0.015
0.222,1.000,1.000,3.212,1.000,39950.000,223000.000,200000.000,294000.000,0.000,2670000.000,550.500,1.000,0.170,2.755,227.000,0.333,70.000,400.000,20.000,9.100,0.015
0.222,1.000,1.000,3.212,1.000,39950.000,223000.000,200000.000,294000.000,0.000,2670000.000,550.500,1.000,0.170,2.755,227.000,0.333,49.000,300.000,15.000,9.100,0.015
0.222,1.000,1.000,3.212,1.000,39950.000,223000.000,200000.000,294000.000,0.000,2670000.000,550.500,1.000,0.170,2.755,227.000,0.333,49.000,300.000,15.000,9.100,0.015
0.222,1.000,1.000,3.212,1.000,39950.000,223000.000,200000.000,294000.000,0.000,2670000.000,550.500,1.000,0.170,2.755,227.000,0.333,49.000,300.000,15.000,9.100,0.015
0.222,1.000,1.000,3.212,1.000,39950.000,223000.000,200000.000,294000.000,0.000,2670000.000,550.500,1.000,0.170,2.755,227.000,0.333,49.000,300.000,15.000,9.100,0.015
0.222,1.000,1.000,3.212,1.000,39950.000,223000.000,200000.000,294000.000,0.000,2670000.000,550.500,1.000,0.170,2.755,227.000,0.333,49.000,300.000,15.000,9.100,0.015
0.222,1.000,1.000,3.212,1.000,39950.000,223000.000,200000.000,294000.000,0.000,2670000.000,550.500,1.000,0.170,2.755,227.000,0.333,53.000,400.000,20.000,9.100,0.015
0.222,1.000,1.000,3.212,1.000,39950.000,223000.000,200000.000,294000.000,0.000,2670000.000,550.500,1.000,0.170,2.755,227.000,0.333,53.000,400.000,20.000,9.100,0.015
0.222,1.000,1.000,3.212,1.000,39950.000,223000.000,200000.000,294000.000,0.000,2670000.000,550.500,1.000,0.170,2.755,227.000,0.333,53.000,400.000,20.000,9.100,0.015
0.222,1.000,1.000,3.212,1.000,39950.000,223000.000,200000.000,294000.000,0.000,2670000.000,550.500,1.000,0.170,2.755,227.000,0.333,53.000,400.000,20.000,9.100,0.015
0.222,1.000,1.000,3.212,1.000,39950.000,223000.000,200000.000,294000.000,0.000,2670000.000,550.500,1.000,0.170,2.755,227.000,0.333,48.000,300.000,15.400,9.100,0.015
0.222,1.000,1.000,3.212,1.000,39950.000,223000.000,200000.000,294000.000,0.000,2670000.000,550.500,1.000,0.170,2.755,227.000,0.333,48.000,300.000,15.400,9.100,0.015
0.222,1.000,1.000,3.212,1.000,39950.000,223000.000,200000.000,294000.000,0.000,2670000.000,550.500,1.000,0.170,2.755,227.000,0.333,48.000,300.000,15.400,9.100,0.015
0.222,1.000,1.000,3.212,1.000,39950.000,223000.000,200000.000,294000.000,0.000,2670000.000,550.500,1.000,0.170,2.755,227.000,0.333,48.000,300.000,15.400,9.100,0.015
0.222,1.000,1.000,3.212,1.000,39950.000,223000.000,200000.000,294000.000,0.000,2670000.000,550.500,1.000,0.170,2.755,227.000,0.333,48.000,300.000,15.400,9.100,0.015
0.222,1.000,1.000,3.212,1.000,39950.000,223000.000,200000.000,294000.000,0.000,2670000.000,550.500,1.000,0.170,2.755,227.000,0.333,70.000,400.000,20.000,9.100,0.015
0.222,1.000,1.000,3.212,1.000,39950.000,223000.000,200000.000,294000.000,0.000,2670000.000,550.500,1.000,0.170,2.755,227.000,0.333,63.250,10.860,43.067,9.100,0.015
0.222,1.000,1.000,3.212,1.000,39950.000,223000.000,200000.000,294000.000,0.000,2670000.000,550.500,1.000,0.170,2.755,227.000,0.333,63.250,10.860,43.067,9.100,0.015
0.222,1.000,1.000,3.212,1.000,39950.000,223000.000,200000.000,294000.000,0.000,2670000.000,550.500,1.000,0.170,2.755,227.000,0.333,63.250,10.860,43.067,9.100,0.015
0.222,1.000,1.000,3.212,1.000,39950.000,223000.000,200000.000,294000.000,0.000,2670000.000,550.500,1.000,0.170,2.755,227.000,0.333,63.250,10.860,43.067,9.100,0.015
0.222,1.000,1.000,3.212,1.000,39950.000,223000.000,200000.000,294000.000,0.000,2670000.000,550.500,1.000,0.170,2.755,227.000,0.333,63.250,10.860,43.067,9.100,0.015
0.222,1.000,1.000,3.212,1.000,39950.000,223000.000,200000.000,294000.000,0.000,2670000.000,550.500,1.000,0.170,2.755,227.000,0.333,63.250,10.860,43.067,9.100,0.015
0.273,1.000,1.000,3.212,1.000,37325.000,223000.000,200000.000,294000.000,0.000,2670000.000,534.000,1.000,0.170,2.755,227.000,0.333,56.000,11.000,40.000,9.100,0.015
0.273,1.000,1.000,3.212,1.000,37325.000,223000.000,200000.000,294000.000,0.000,2670000.000,534.000,1.000,0.170,2.755,227.000,0.333,61.000,5.000,42.000,9.100,0.015
0.273,1.000,1.000,3.212,1.000,37325.000,223000.000,200000.000,294000.000,0.000,2670000.000,534.000,1.000,0.170,2.755,227.000,0.333,70.000,8.000,40.000,9.100,0.015
0.273,1.000,1.000,3.212,1.000,37325.000,223000.000,200000.000,294000.000,0.000,2670000.000,534.000,1.000,0.170,2.755,227.000,0.333,53.000,400.000,20.000,9.100,0.015
0.273,1.000,1.000,3.212,1.000,37325.000,223000.000,200000.000,294000.000,0.000,2670000.000,534.000,1.000,0.170,2.755,227.000,0.333,60.000,8.000,40.000,9.100,0.015
0.273,1.000,1.000,3.212,1.000,37325.000,223000.000,200000.000,294000.000,0.000,2670000.000,534.000,1.000,0.170,2.755,227.000,0.333,63.250,10.860,43.067,9.100,0.015
0.250,1.000,0.000,0.000,1.000,280000.000,10.600,200000.000,280000.000,0.000,2030000.000,520.000,1.000,0.170,2.757,141.000,0.333,81.110,0.000,0.000,0.156,0.001
0.250,1.000,0.000,0.000,1.000,280000.000,10.600,200000.000,280000.000,0.000,2030000.000,520.000,1.000,0.170,2.757,141.000,0.333,81.110,0.000,0.000,0.156,0.001
0.250,1.000,0.000,0.000,1.000,280000.000,10.600,200000.000,280000.000,0.000,2030000.000,520.000,1.000,0.170,2.757,141.000,0.333,81.110,0.000,0.000,0.156,0.001
0.250,1.000,0.000,0.000,1.000,280000.000,10.600,200000.000,280000.000,0.000,2030000.000,520.000,1.000,0.170,2.757,141.000,0.333,81.110,0.000,0.000,0.156,0.001
0.250,1.000,0.000,0.000,1.000,280000.000,10.600,200000.000,280000.000,0.000,2030000.000,520.000,1.000,0.170,2.757,141.000,0.333,81.110,0.000,0.000,0.156,0.001
0.250,1.000,1.000,6.109,1.000,280000.000,10.600,200000.000,280000.000,0.000,2030000.000,520.000,1.000,0.170,2.757,141.000,0.333,76.900,0.000,0.000,0.156,0.001
0.250,1.000,1.000,6.109,1.000,280000.000,10.600,200000.000,280000.000,0.000,2030000.000,520.000,1.000,0.170,2.757,141.000,0.333,76.900,0.000,0.000,0.156,0.001
0.250,1.000,1.000,6.109,1.000,280000.000,10.600,200000.000,280000.000,0.000,2030000.000,520.000,1.000,0.170,2.757,141.000,0.333,76.900,0.000,0.000,0.156,0.001
0.250,1.000,1.000,6.109,1.000,280000.000,10.600,200000.000,280000.000,0.000,2030000.000,520.000,1.000,0.170,2.757,141.000,0.333,76.900,0.000,0.000,0.156,0.001
0.250,1.000,1.000,6.109,1.000,280000.000,10.600,200000.000,280000.000,0.000,2030000.000,520.000,1.000,0.170,2.757,141.000,0.333,76.900,0.000,0.000,0.156,0.001
0.273,1.000,0.000,0.000,1.000,16000.000,10.600,14000.000,280000.000,0.000,2030000.000,520.000,1.000,0.170,2.757,227.000,0.333,49.180,64.300,7.600,0.156,0.001
0.273,1.000,0.000,0.000,1.000,16000.000,10.600,14000.000,280000.000,0.000,2030000.000,520.000,1.000,0.170,2.757,227.000,0.333,49.180,64.300,7.600,0.156,0.001
0.273,1.000,0.000,0.000,1.000,16000.000,10.600,14000.000,280000.000,0.000,2030000.000,520.000,1.000,0.170,2.757,227.000,0.333,49.180,64.300,7.600,0.156,0.001
0.390,1.000,0.000,0.000,1.000,16000.000,10.600,14000.000,280000.000,0.000,2030000.000,520.000,1.000,0.170,2.757,227.000,0.333,61.510,55.600,9.250,0.156,0.001
0.390,1.000,0.000,0.000,1.000,16000.000,10.600,14000.000,280000.000,0.000,2030000.000,520.000,1.000,0.170,2.757,227.000,0.333,61.510,55.600,9.250,0.156,0.001
0.390,1.000,0.000,0.000,1.000,16000.000,10.600,14000.000,280000.000,0.000,2030000.000,520.000,1.000,0.170,2.757,227.000,0.333,61.510,55.600,9.250,0.156,0.001
0.251,1.000,9.000,-0.045,1.000,200000.000,10.600,1200.000,280000.000,0.000,2030000.000,520.000,1.000,0.170,2.757,227.000,0.333,55.400,20.000,6.200,0.156,0.001
0.251,1.000,9.000,-0.045,1.000,200000.000,10.600,1200.000,280000.000,0.000,2030000.000,520.000,1.000,0.170,2.757,227.000,0.333,55.400,20.000,6.200,0.156,0.001
0.251,1.000,9.000,-0.045,1.000,200000.000,10.600,1200.000,280000.000,0.000,2030000.000,520.000,1.000,0.170,2.757,227.000,0.333,55.400,20.000,6.200,0.156,0.001
0.251,1.000,9.000,-0.045,1.000,200000.000,10.600,1200.000,280000.000,0.000,2030000.000,520.000,1.000,0.170,2.757,227.000,0.333,55.400,20.000,6.200,0.156,0.001
0.251,1.000,9.000,-0.045,1.000,200000.000,10.600,1200.000,280000.000,0.000,2030000.000,520.000,1.000,0.170,2.757,227.000,0.333,55.400,20.000,6.200,0.156,0.001
0.300,1.000,8.000,-2.850,1.000,296000.000,10.600,200000.000,280000.000,0.000,2030000.000,520.000,1.000,0.170,2.757,227.000,0.333,76.000,0.800,43.000,0.156,0.001
0.300,1.000,8.000,-2.850,1.000,296000.000,10.600,200000.000,280000.000,0.000,2030000.000,520.000,1.000,0.170,2.757,227.000,0.333,76.000,0.800,43.000,0.156,0.001
0.300,1.000,8.000,-2.850,1.000,296000.000,10.600,200000.000,280000.000,0.000,2030000.000,520.000,1.000,0.170,2.757,227.000,0.333,76.000,0.800,43.000,0.156,0.001
0.300,1.000,8.000,-2.850,1.000,296000.000,10.600,200000.000,280000.000,0.000,2030000.000,520.000,1.000,0.170,2.757,227.000,0.333,76.000,0.800,43.000,0.156,0.001
0.300,1.000,8.000,-2.850,1.000,296000.000,10.600,200000.000,280000.000,0.000,2030000.000,520.000,1.000,0.170,2.757,227.000,0.333,76.000,0.800,43.000,0.156,0.001
0.300,1.000,8.000,-2.850,1.000,296000.000,10.600,200000.000,280000.000,0.000,2030000.000,520.000,1.000,0.170,2.757,227.000,0.333,76.000,0.800,43.000,0.156,0.001
0.750,1.000,0.000,0.000,1.000,16000.000,10.600,200000.000,280000.000,0.000,1200000.000,520.000,1.000,0.170,2.757,227.000,0.333,48.010,123.800,0.720,0.156,0.001
0.750,1.000,0.000,0.000,1.000,16000.000,10.600,200000.000,280000.000,0.000,1200000.000,520.000,1.000,0.170,2.757,227.000,0.333,48.010,123.800,0.720,0.156,0.001
0.750,1.000,0.000,0.000,1.000,16000.000,10.600,200000.000,280000.000,0.000,1200000.000,520.000,1.000,0.170,2.757,227.000,0.333,48.010,123.800,0.720,0.156,0.001
0.390,1.000,0.000,0.000,1.000,16000.000,10.600,14000.000,280000.000,1.000,2030000.000,789.000,1.000,0.170,2.757,227.000,0.333,92.000,0.000,0.000,0.156,0.001
0.400,1.000,1.000,3.212,1.000,54600.000,10.600,14000.000,280000.000,1.000,2030000.000,803.000,1.000,0.170,2.757,227.000,0.333,47.900,10.000,40.000,0.156,0.001
0.652,1.000,0.000,0.000,1.000,92000.000,10.600,1200.000,200000.000,0.000,2030000.000,793.000,1.000,0.170,2.757,227.000,0.333,32.000,3.564,19.253,0.156,0.001
0.652,1.000,0.000,0.000,1.000,92000.000,10.600,1200.000,200000.000,0.000,2030000.000,793.000,1.000,0.170,2.757,227.000,0.333,32.000,3.564,19.253,0.156,0.001
1.463,1.000,0.000,0.000,2.333,60000.000,10.600,210000.000,11000.000,0.000,1200000.000,795.000,0.995,0.170,2.757,227.000,0.333,71.700,1450.000,32.800,0.156,0.001
0.435,1.000,0.000,0.000,2.333,60000.000,10.600,210000.000,11000.000,0.000,2030000.000,795.000,1.000,0.170,2.757,227.000,0.333,71.700,1450.000,32.800,0.156,0.001
1.463,1.000,0.000,0.000,2.333,60000.000,10.600,210000.000,11000.000,0.000,1200000.000,795.000,0.995,0.170,2.757,227.000,0.333,71.700,1450.000,32.800,0.156,0.001
0.435,1.000,0.000,0.000,2.333,60000.000,10.600,210000.000,11000.000,0.000,2030000.000,795.000,1.000,0.170,2.757,227.000,0.333,23.100,631.500,8.400,0.156,0.001
0.245,1.000,0.000,0.000,2.333,60000.000,10.600,210000.000,11000.000,0.000,2030000.000,795.000,1.000,0.170,2.757,227.000,0.333,127.600,748.720,38.800,0.156,0.001
0.187,1.000,0.000,0.000,2.333,60000.000,10.600,210000.000,11000.000,0.000,2030000.000,795.000,1.000,0.170,2.757,227.000,0.333,45.700,1567.150,21.200,0.156,0.001
0.133,1.000,0.000,0.000,2.333,60000.000,10.600,210000.000,11000.000,0.000,2030000.000,795.000,1.000,0.170,2.757,227.000,0.333,23.100,631.500,8.400,0.156,0.001
0.245,1.000,0.000,0.000,2.333,60000.000,10.600,210000.000,11000.000,0.000,2030000.000,795.000,1.000,0.170,2.757,227.000,0.333,127.600,748.720,38.800,0.156,0.001
0.187,1.000,0.000,0.000,2.333,60000.000,10.600,210000.000,11000.000,0.000,2030000.000,795.000,1.000,0.170,2.757,227.000,0.333,45.700,1567.150,21.200,0.156,0.001
0.133,1.000,0.000,0.000,2.333,60000.000,10.600,210000.000,11000.000,0.000,2030000.000,795.000,1.000,0.170,2.757,227.000,0.333,23.100,631.500,8.400,0.156,0.001
0.429,1.000,0.000,0.000,2.333,60000.000,10.600,210000.000,11000.000,0.000,2030000.000,793.000,1.000,0.170,2.757,227.000,0.333,71.700,1450.000,32.800,0.156,0.001
0.018,1.000,0.000,0.000,2.333,200000.000,10.600,390000.000,280000.000,0.000,772500.000,793.000,1.000,0.170,2.757,227.000,0.333,100.000,797.000,29.000,0.156,0.001
0.018,1.000,0.000,0.000,2.333,16000.000,10.600,390000.000,280000.000,0.000,772500.000,793.000,1.000,0.170,2.757,227.000,0.333,100.000,797.000,29.000,0.156,0.001
0.750,1.000,0.000,0.000,2.333,1900000.000,10.600,390000.000,600.000,0.000,1200000.000,793.000,1.000,0.170,2.757,227.000,0.333,68.300,277.400,11.700,0.156,0.001
0.857,1.000,0.000,0.000,2.333,1900000.000,10.600,390000.000,600.000,0.000,1200000.000,793.000,1.000,0.170,2.757,227.000,0.333,80.300,127.200,6.900,0.156,0.001
0.750,1.000,0.000,0.000,2.333,1900000.000,10.600,390000.000,200000.000,0.000,1200000.000,793.000,1.000,0.170,2.842,227.000,0.333,66.300,47.000,3.800,0.156,0.001
2.000,1.000,0.000,0.000,2.333,16000.000,10.600,390000.000,200000.000,0.000,1200000.000,793.000,1.000,0.170,2.757,227.000,0.333,35.200,77.300,0.500,0.156,0.001
1.500,1.000,0.000,0.000,2.333,16000.000,10.600,390000.000,200000.000,0.000,1200000.000,793.000,1.000,0.170,2.757,227.000,0.333,45.300,59.100,0.900,0.156,0.001
1.500,1.000,0.000,0.000,2.333,16000.000,10.600,390000.000,200000.000,0.000,1200000.000,793.000,1.000,0.170,2.757,227.000,0.333,99.300,195.400,5.800,0.156,0.001
1.500,1.000,0.000,0.000,2.333,200000.000,10.600,390000.000,200000.000,0.000,1200000.000,793.000,1.000,0.170,2.842,227.000,0.333,36.600,72.500,0.800,0.156,0.001
1.200,1.000,0.000,0.000,2.333,16000.000,10.600,390000.000,200000.000,0.000,1200000.000,793.000,1.000,0.170,2.757,227.000,0.333,59.970,82.950,1.800,0.156,0.001
0.600,1.000,0.000,0.000,2.333,16000.000,10.600,390000.000,200000.000,0.000,1200000.000,793.000,1.000,0.170,2.757,227.000,0.333,62.980,0.000,0.000,0.156,0.001
0.293,1.000,0.000,0.000,2.333,16000.000,10.600,390000.000,200000.000,0.000,2030000.000,793.000,1.000,0.170,2.757,227.000,0.333,132.000,0.000,0.000,0.156,0.001
0.522,1.000,0.000,0.000,2.333,16000.000,10.600,390000.000,200000.000,0.000,2030000.000,793.000,1.000,0.170,2.757,227.000,0.333,62.980,0.000,0.000,0.156,0.001
1.500,1.000,0.000,0.000,2.333,16000.000,10.600,1200.000,200000.000,0.000,1200000.000,793.000,1.000,0.170,2.842,227.000,0.333,43.000,75.300,0.700,0.156,0.001
0.151,1.000,4.000,-0.996,0.786,62500.000,55757.950,190000.000,18100.000,0.000,2350000.000,508.000,1.000,12.240,2.760,141.000,0.333,53.100,4.000,0.500,0.156,0.004
0.151,1.000,4.000,-0.996,0.786,62500.000,55757.950,190000.000,18100.000,0.000,2350000.000,508.000,1.000,12.240,2.760,141.000,0.333,53.100,4.000,0.500,0.156,0.004
0.151,1.000,4.000,-0.996,0.786,62500.000,55757.950,190000.000,18100.000,0.000,2350000.000,508.000,1.000,12.240,2.760,141.000,0.333,53.100,4.000,0.500,0.156,0.004
0.006,11.566,0.000,0.000,0.333,62500.000,55828.250,190000.000,18100.000,0.000,772500.000,508.000,1.000,12.240,2.652,141.000,0.333,7.000,0.000,0.000,0.328,0.004
0.006,11.566,0.000,0.000,0.333,62500.000,55828.250,190000.000,18100.000,0.000,772500.000,508.000,1.000,12.240,2.652,141.000,0.333,7.000,0.000,0.000,0.328,0.004
0.429,1.000,0.000,0.000,0.333,62500.000,223000.000,190000.000,18100.000,0.000,2670000.000,508.000,1.000,12.240,2.652,227.000,0.333,28.400,16.830,0.212,0.156,0.015
0.429,1.000,0.000,0.000,0.333,62500.000,223000.000,190000.000,18100.000,0.000,2670000.000,508.000,1.000,12.240,2.652,227.000,0.333,7.200,6.110,0.212,0.156,0.015
0.375,1.000,0.000,0.000,0.536,25100.000,1705802.000,12350.000,28500.000,0.000,772500.000,688.250,1.000,-5.135,2.730,227.000,0.333,65.900,60.000,0.005,0.500,0.004
0.375,1.000,0.000,0.000,0.536,25100.000,1705802.000,12350.000,28500.000,0.000,772500.000,688.250,1.000,-5.135,2.730,227.000,0.333,65.900,60.000,0.005,0.500,0.004
0.086,1.000,0.000,0.000,1.000,11000.000,104.000,11000.000,255000.000,0.000,140000.000,858.000,1.000,0.670,2.750,227.000,0.333,66.000,0.000,0.000,0.500,0.000
0.086,1.000,0.000,0.000,1.000,11000.000,104.000,11000.000,255000.000,0.000,140000.000,858.000,1.000,0.670,2.750,227.000,0.333,66.000,0.000,0.000,0.500,0.000
0.086,1.000,0.000,0.000,1.000,11000.000,104.000,11000.000,255000.000,0.000,140000.000,858.000,1.000,0.670,2.750,227.000,0.333,66.000,0.000,0.000,0.500,0.000
0.086,1.000,0.000,0.000,1.000,11000.000,104.000,11000.000,255000.000,0.000,140000.000,858.000,1.000,0.670,2.750,227.000,0.333,66.000,0.000,0.000,0.500,0.000
0.086,1.000,0.000,0.000,1.000,11000.000,104.000,11000.000,255000.000,0.000,140000.000,858.000,1.000,0.670,2.750,227.000,0.333,66.000,0.000,0.000,0.500,0.000
0.086,1.000,0.000,0.000,1.000,11000.000,104.000,11000.000,255000.000,0.000,140000.000,858.000,1.000,0.670,2.750,227.000,0.333,66.000,0.000,0.000,0.500,0.000
0.086,1.000,0.000,0.000,1.000,11000.000,104.000,11000.000,255000.000,0.000,140000.000,858.000,1.000,0.670,2.750,227.000,0.333,66.000,0.000,0.000,0.500,0.000
0.086,1.000,0.000,0.000,1.000,11000.000,104.000,11000.000,255000.000,0.000,140000.000,858.000,1.000,0.670,2.750,227.000,0.333,66.000,0.000,0.000,0.500,0.000
0.176,1.000,0.000,0.000,1.000,11000.000,104.000,3000.000,255000.000,0.000,140000.000,858.000,1.000,0.120,2.750,227.000,0.333,59.000,0.000,0.000,0.500,0.000
0.176,1.000,0.000,0.000,1.000,11000.000,104.000,3000.000,255000.000,0.000,140000.000,858.000,1.000,0.120,2.750,227.000,0.333,59.000,0.000,0.000,0.500,0.000
0.176,1.000,0.000,0.000,1.000,11000.000,104.000,3000.000,255000.000,0.000,140000.000,858.000,1.000,0.120,2.750,227.000,0.333,59.000,0.000,0.000,0.500,0.000
0.176,1.000,0.000,0.000,1.000,11000.000,104.000,3000.000,255000.000,0.000,140000.000,858.000,1.000,0.120,2.750,227.000,0.333,59.000,0.000,0.000,0.500,0.000
0.176,1.000,0.000,0.000,1.000,11000.000,104.000,3000.000,255000.000,0.000,140000.000,858.000,1.000,0.120,2.750,227.000,0.333,59.000,0.000,0.000,0.500,0.000
0.176,1.000,0.000,0.000,1.000,11000.000,104.000,3000.000,255000.000,0.000,140000.000,858.000,1.000,0.120,2.750,227.000,0.333,59.000,0.000,0.000,0.500,0.000
0.176,1.000,0.000,0.000,1.000,11000.000,104.000,3000.000,255000.000,0.000,140000.000,858.000,1.000,0.120,2.750,227.000,0.333,59.000,0.000,0.000,0.500,0.000
0.176,1.000,0.000,0.000,1.000,11000.000,104.000,3000.000,255000.000,0.000,140000.000,858.000,1.000,0.120,2.750,227.000,0.333,59.000,0.000,0.000,0.500,0.000
0.176,1.000,0.000,0.000,1.000,11000.000,104.000,3000.000,255000.000,0.000,140000.000,858.000,1.000,0.120,2.750,227.000,0.333,59.000,0.000,0.000,0.500,0.000
0.176,1.000,0.000,0.000,1.000,11000.000,104.000,3000.000,255000.000,0.000,140000.000,858.000,1.000,0.120,2.750,227.000,0.333,59.000,0.000,0.000,0.500,0.000
0.176,1.000,0.000,0.000,1.000,11000.000,104.000,3000.000,255000.000,0.000,140000.000,858.000,1.000,0.120,2.750,227.000,0.333,59.000,0.000,0.000,0.500,0.000
0.176,1.000,0.000,0.000,1.000,11000.000,104.000,3000.000,255000.000,0.000,140000.000,858.000,1.000,0.120,2.750,227.000,0.333,59.000,0.000,0.000,0.500,0.000
0.176,1.000,0.000,0.000,1.000,11000.000,104.000,3000.000,255000.000,0.000,140000.000,858.000,1.000,0.120,2.750,227.000,0.333,59.000,0.000,0.000,0.500,0.000
0.176,1.000,0.000,0.000,1.000,11000.000,104.000,3000.000,255000.000,0.000,140000.000,858.000,1.000,0.120,2.750,227.000,0.333,59.000,0.000,0.000,0.500,0.000
0.176,1.000,0.000,0.000,1.000,11000.000,104.000,3000.000,255000.000,0.000,140000.000,858.000,1.000,0.120,2.750,227.000,0.333,59.000,0.000,0.000,0.500,0.000
0.176,1.000,0.000,0.000,1.000,11000.000,104.000,3000.000,255000.000,0.000,140000.000,858.000,1.000,0.120,2.750,227.000,0.333,59.000,0.000,0.000,0.500,0.000
0.176,1.000,0.000,0.000,1.000,11000.000,104.000,3000.000,255000.000,0.000,140000.000,858.000,1.000,0.120,2.750,227.000,0.333,59.000,0.000,0.000,0.500,0.000
0.176,1.000,0.000,0.000,1.000,11000.000,104.000,3000.000,255000.000,0.000,140000.000,858.000,1.000,0.120,2.750,227.000,0.333,59.000,0.000,0.000,0.500,0.000
0.176,1.000,0.000,0.000,1.000,11000.000,104.000,3000.000,255000.000,0.000,140000.000,858.000,1.000,0.120,2.750,227.000,0.333,59.000,0.000,0.000,0.500,0.000
0.176,1.000,0.000,0.000,1.000,11000.000,104.000,3000.000,255000.000,0.000,140000.000,858.000,1.000,0.120,2.750,227.000,0.333,59.000,0.000,0.000,0.500,0.000
0.176,1.000,0.000,0.000,1.000,11000.000,104.000,3000.000,255000.000,0.000,140000.000,858.000,1.000,0.120,2.750,227.000,0.333,59.000,0.000,0.000,0.500,0.000
0.176,1.000,0.000,0.000,1.000,11000.000,104.000,3000.000,255000.000,0.000,140000.000,858.000,1.000,0.120,2.750,227.000,0.333,59.000,0.000,0.000,0.500,0.000
0.150,1.000,0.000,0.000,1.000,4400.000,104.000,3000.000,37000.000,0.000,140000.000,858.000,1.000,0.120,2.750,227.000,0.333,59.000,0.000,0.000,0.500,0.000
0.150,1.000,0.000,0.000,1.000,4400.000,104.000,3000.000,37000.000,0.000,140000.000,858.000,1.000,0.120,2.750,227.000,0.333,59.000,0.000,0.000,0.500,0.000
0.150,1.000,0.000,0.000,1.000,4400.000,104.000,3000.000,37000.000,0.000,140000.000,858.000,1.000,0.120,2.750,227.000,0.333,59.000,0.000,0.000,0.500,0.000
0.150,1.000,0.000,0.000,1.000,4400.000,104.000,3000.000,37000.000,0.000,140000.000,858.000,1.000,0.120,2.750,227.000,0.333,59.000,0.000,0.000,0.500,0.000
0.150,1.000,0.000,0.000,1.000,4400.000,104.000,3000.000,37000.000,0.000,140000.000,858.000,1.000,0.120,2.750,227.000,0.333,59.000,0.000,0.000,0.500,0.000
0.150,1.000,0.000,0.000,1.000,4400.000,104.000,3000.000,37000.000,0.000,140000.000,858.000,1.000,0.120,2.750,227.000,0.333,59.000,0.000,0.000,0.500,0.000
0.150,1.000,0.000,0.000,1.000,4400.000,104.000,3000.000,37000.000,0.000,140000.000,858.000,1.000,0.120,2.750,227.000,0.333,59.000,0.000,0.000,0.500,0.000
0.150,1.000,0.000,0.000,1.000,4400.000,104.000,3000.000,37000.000,0.000,140000.000,858.000,1.000,0.120,2.750,227.000,0.333,59.000,0.000,0.000,0.500,0.000
0.150,1.000,0.000,0.000,1.000,4400.000,104.000,3000.000,37000.000,0.000,140000.000,858.000,1.000,0.120,2.750,227.000,0.333,59.000,0.000,0.000,0.500,0.000
0.150,1.000,0.000,0.000,1.000,4400.000,104.000,3000.000,37000.000,0.000,140000.000,858.000,1.000,0.120,2.750,227.000,0.333,59.000,0.000,0.000,0.500,0.000
0.150,1.000,0.000,0.000,1.000,4400.000,104.000,3000.000,37000.000,0.000,140000.000,858.000,1.000,0.120,2.750,227.000,0.333,59.000,0.000,0.000,0.500,0.000
0.150,1.000,0.000,0.000,1.000,4400.000,104.000,3000.000,37000.000,0.000,140000.000,858.000,1.000,0.120,2.750,227.000,0.333,59.000,0.000,0.000,0.500,0.000
0.150,1.000,0.000,0.000,1.000,4400.000,104.000,3000.000,37000.000,0.000,140000.000,858.000,1.000,0.120,2.750,227.000,0.333,59.000,0.000,0.000,0.500,0.000
0.150,1.000,0.000,0.000,1.000,4400.000,104.000,3000.000,37000.000,0.000,140000.000,858.000,1.000,0.120,2.750,227.000,0.333,65.100,0.000,0.000,0.500,0.000
0.150,1.000,0.000,0.000,1.000,4400.000,104.000,3000.000,37000.000,0.000,140000.000,858.000,1.000,0.120,2.750,227.000,0.333,65.100,0.000,0.000,0.500,0.000
0.150,1.000,0.000,0.000,1.000,4400.000,104.000,3000.000,37000.000,0.000,140000.000,858.000,1.000,0.120,2.750,227.000,0.333,65.100,0.000,0.000,0.500,0.000
0.150,1.000,0.000,0.000,1.000,4400.000,104.000,3000.000,37000.000,0.000,140000.000,858.000,1.000,0.120,2.750,227.000,0.333,65.100,0.000,0.000,0.500,0.000
0.150,1.000,0.000,0.000,1.000,4400.000,104.000,3000.000,37000.000,0.000,140000.000,858.000,1.000,0.120,2.750,227.000,0.333,67.000,0.000,0.000,0.500,0.000
0.150,1.000,0.000,0.000,1.000,4400.000,104.000,3000.000,37000.000,0.000,140000.000,858.000,1.000,0.120,2.750,227.000,0.333,67.000,0.000,0.000,0.500,0.000
0.150,1.000,0.000,0.000,1.000,4400.000,104.000,3000.000,37000.000,0.000,140000.000,858.000,1.000,0.120,2.750,227.000,0.333,67.000,0.000,0.000,0.500,0.000
0.150,1.000,0.000,0.000,1.000,4400.000,104.000,3000.000,37000.000,0.000,140000.000,858.000,1.000,0.120,2.750,227.000,0.333,67.000,0.000,0.000,0.500,0.000
0.150,1.000,0.000,0.000,1.000,4400.000,104.000,3000.000,37000.000,0.000,140000.000,858.000,1.000,0.120,2.750,227.000,0.333,68.100,0.000,0.000,0.500,0.000
0.150,1.000,0.000,0.000,1.000,4400.000,104.000,3000.000,37000.000,0.000,140000.000,858.000,1.000,0.120,2.750,227.000,0.333,68.100,0.000,0.000,0.500,0.000
0.150,1.000,0.000,0.000,1.000,4400.000,104.000,3000.000,37000.000,0.000,140000.000,858.000,1.000,0.120,2.750,227.000,0.333,68.100,0.000,0.000,0.500,0.000
0.150,1.000,0.000,0.000,1.000,4400.000,104.000,3000.000,37000.000,0.000,140000.000,858.000,1.000,0.120,2.750,227.000,0.333,68.100,0.000,0.000,0.500,0.000
0.215,1.000,0.000,0.000,1.000,25600.000,104.000,11000.000,37000.000,0.000,140000.000,858.000,1.000,0.120,2.750,227.000,0.210,70.600,22.400,2.600,0.500,0.000
0.215,1.000,0.000,0.000,1.000,25600.000,104.000,11000.000,37000.000,0.000,140000.000,858.000,1.000,0.120,2.750,227.000,0.210,70.600,22.400,2.600,0.500,0.000
0.215,1.000,0.000,0.000,1.000,25600.000,104.000,11000.000,37000.000,0.000,140000.000,858.000,1.000,0.120,2.750,227.000,0.210,70.600,22.400,2.600,0.500,0.000
0.071,1.000,0.000,0.000,1.000,1700.000,104.000,11000.000,18000.000,0.000,140000.000,858.000,0.902,0.120,2.750,227.000,0.333,26.800,68.000,6.700,0.500,0.000
0.077,1.000,0.000,0.000,1.000,350.000,104.000,11000.000,18000.000,0.000,140000.000,858.000,0.902,0.120,2.750,227.000,0.333,49.800,57.300,7.000,0.500,0.000
0.077,1.000,0.000,0.000,1.000,350.000,104.000,11000.000,18000.000,0.000,140000.000,858.000,0.902,0.120,2.750,227.000,0.333,49.800,57.300,7.000,0.500,0.000
0.059,2.525,0.000,0.000,1.000,350.000,104.000,11000.000,18000.000,0.000,140000.000,858.000,0.872,0.120,2.750,227.000,0.025,73.900,130.000,20.200,0.500,0.000
0.059,2.525,0.000,0.000,1.000,550.000,104.000,11000.000,18000.000,0.000,140000.000,858.000,0.872,0.120,2.750,227.000,0.025,73.900,130.000,20.200,0.500,0.000
0.065,1.000,0.000,0.000,1.000,400.000,104.000,11000.000,18000.000,0.000,140000.000,858.000,0.872,0.120,2.750,227.000,0.333,84.000,7.200,1.900,0.500,0.000
0.065,1.000,0.000,0.000,1.000,400.000,104.000,11000.000,18000.000,0.000,140000.000,858.000,0.872,0.120,2.750,227.000,0.333,84.000,7.200,1.900,0.500,0.000
0.411,1.000,4.000,-1.248,1.000,11000.000,104.000,11000.000,18000.000,0.000,140000.000,635.000,1.000,0.120,2.750,227.000,0.333,57.000,0.000,0.000,0.500,0.000
0.411,1.000,4.000,-1.248,1.000,11000.000,104.000,11000.000,18000.000,0.000,140000.000,635.000,1.000,0.120,2.750,227.000,0.333,57.000,0.000,0.000,0.500,0.000
0.411,1.000,4.000,-1.248,1.000,11000.000,104.000,11000.000,18000.000,0.000,140000.000,635.000,1.000,0.120,2.750,227.000,0.333,57.000,0.000,0.000,0.500,0.000
0.429,1.000,4.000,-1.248,1.000,11000.000,104.000,11000.000,18000.000,0.000,140000.000,635.000,1.000,0.120,2.750,227.000,0.333,43.000,0.000,0.000,0.500,0.000
0.429,1.000,4.000,-1.248,1.000,11000.000,104.000,11000.000,18000.000,0.000,140000.000,635.000,1.000,0.120,2.750,227.000,0.333,43.000,0.000,0.000,0.500,0.000
0.429,1.000,4.000,-1.248,1.000,11000.000,104.000,11000.000,18000.000,0.000,140000.000,635.000,1.000,0.120,2.750,227.000,0.333,43.000,0.000,0.000,0.500,0.000
0.435,1.000,4.000,-1.248,1.000,11000.000,104.000,11000.000,18000.000,0.000,140000.000,635.000,1.000,0.120,2.750,227.000,0.333,40.000,0.000,0.000,0.500,0.000
0.435,1.000,4.000,-1.248,1.000,11000.000,104.000,11000.000,18000.000,0.000,140000.000,635.000,1.000,0.120,2.750,227.000,0.333,40.000,0.000,0.000,0.500,0.000
0.435,1.000,4.000,-1.248,1.000,11000.000,104.000,11000.000,18000.000,0.000,140000.000,635.000,1.000,0.120,2.750,227.000,0.333,40.000,0.000,0.000,0.500,0.000
0.162,1.000,4.000,-0.996,1.000,11000.000,104.000,11000.000,255000.000,0.000,140000.000,858.000,1.000,0.120,2.750,227.000,0.333,58.800,7.500,0.600,0.500,0.000
0.078,1.894,1.000,6.109,1.000,11000.000,104.000,11000.000,21000.000,0.000,140000.000,858.000,0.870,0.120,2.750,227.000,0.021,86.400,120.000,20.000,0.500,0.000
0.078,1.894,1.000,6.109,1.000,11000.000,104.000,11000.000,21000.000,0.000,140000.000,858.000,0.870,0.120,2.750,227.000,0.021,86.400,120.000,20.000,0.500,0.000
0.026,3.500,1.000,6.109,1.000,11000.000,104.000,11000.000,21000.000,0.000,140000.000,858.000,0.846,0.120,2.750,227.000,0.021,86.400,120.000,20.000,0.500,0.000
0.078,1.894,1.000,6.109,1.000,11000.000,104.000,11000.000,21000.000,0.000,140000.000,858.000,0.867,0.120,2.750,227.000,0.008,86.400,120.000,20.000,0.500,0.000
0.038,3.091,1.000,6.109,1.000,11000.000,104.000,11000.000,21000.000,0.000,140000.000,858.000,0.856,0.120,2.750,227.000,0.009,86.400,120.000,20.000,0.500,0.000
0.026,3.500,1.000,6.109,1.000,11000.000,104.000,11000.000,21000.000,0.000,140000.000,858.000,0.846,0.120,2.750,227.000,0.008,86.400,120.000,20.000,0.500,0.000
0.026,3.500,1.000,6.109,1.000,11000.000,104.000,11000.000,21000.000,0.000,140000.000,858.000,0.846,0.120,2.750,227.000,0.008,86.400,120.000,20.000,0.500,0.000
0.026,3.500,1.000,6.109,1.000,11000.000,104.000,11000.000,21000.000,0.000,140000.000,858.000,0.846,0.120,2.750,227.000,0.008,86.400,120.000,20.000,0.500,0.000
0.026,3.500,1.000,6.109,1.000,11000.000,104.000,11000.000,21000.000,0.000,140000.000,858.000,0.846,0.120,2.750,227.000,0.008,86.400,120.000,20.000,0.500,0.000
0.026,3.500,1.000,6.109,1.000,11000.000,104.000,11000.000,21000.000,0.000,140000.000,858.000,0.846,0.120,2.750,227.000,0.008,86.400,120.000,20.000,0.500,0.000
0.026,3.500,1.000,6.109,1.000,11000.000,104.000,11000.000,21000.000,0.000,140000.000,858.000,0.846,0.120,2.750,227.000,0.008,86.400,120.000,20.000,0.500,0.000
0.026,3.500,1.000,6.109,1.000,11000.000,104.000,11000.000,21000.000,0.000,140000.000,858.000,0.846,0.120,2.750,227.000,0.008,86.400,120.000,20.000,0.500,0.000
0.026,3.500,1.000,6.109,1.000,11000.000,104.000,11000.000,21000.000,0.000,140000.000,858.000,0.846,0.120,2.750,227.000,0.008,83.200,200.000,22.000,0.500,0.000
0.049,2.200,1.000,6.109,1.000,11000.000,104.000,11000.000,21000.000,0.000,140000.000,858.000,0.873,0.120,2.750,227.000,0.014,83.200,200.000,22.000,0.500,0.000
0.049,2.200,1.000,6.109,1.000,11000.000,104.000,11000.000,21000.000,0.000,140000.000,858.000,0.873,0.120,2.750,227.000,0.014,84.700,200.000,22.000,0.500,0.000
0.038,3.091,1.000,6.109,1.000,11000.000,104.000,11000.000,21000.000,0.000,140000.000,858.000,0.856,0.120,2.750,227.000,0.009,84.700,200.000,22.000,0.500,0.000
0.026,3.500,1.000,6.109,1.000,11000.000,104.000,11000.000,21000.000,0.000,140000.000,858.000,0.846,0.120,2.750,227.000,0.008,82.400,203.000,28.000,0.500,0.000
0.026,3.500,1.000,6.109,1.000,11000.000,104.000,11000.000,21000.000,0.000,140000.000,858.000,0.846,0.120,2.750,227.000,0.008,82.400,203.000,28.000,0.500,0.000
0.122,1.000,4.000,-0.248,1.000,11000.000,104.000,11000.000,21000.000,0.000,140000.000,858.000,1.000,0.120,2.750,227.000,0.333,89.600,0.000,0.000,0.500,0.000
0.135,1.000,0.000,0.000,1.000,11000.000,104.000,11000.000,21000.000,0.000,140000.000,858.000,1.000,0.120,2.750,227.000,0.333,38.000,0.000,0.000,0.500,0.000
0.135,1.000,0.000,0.000,1.000,11000.000,104.000,11000.000,21000.000,0.000,140000.000,858.000,1.000,0.120,2.750,227.000,0.333,38.000,0.000,0.000,0.500,0.000
0.135,1.000,0.000,0.000,1.000,11000.000,104.000,11000.000,21000.000,0.000,140000.000,858.000,1.000,0.120,2.750,227.000,0.333,38.000,0.000,0.000,0.500,0.000
0.135,1.000,0.000,0.000,1.000,11000.000,104.000,11000.000,21000.000,0.000,140000.000,858.000,1.000,0.120,2.750,227.000,0.333,38.000,0.000,0.000,0.500,0.000
0.135,1.000,0.000,0.000,1.000,11000.000,104.000,11000.000,21000.000,0.000,140000.000,858.000,1.000,0.120,2.750,227.000,0.333,38.000,0.000,0.000,0.500,0.000
0.222,1.000,0.000,0.000,1.000,11000.000,104.000,11000.000,21000.000,0.000,140000.000,858.000,1.000,0.120,2.750,227.000,0.333,70.000,0.000,0.000,0.500,0.000
0.222,1.000,0.000,0.000,1.000,11000.000,104.000,11000.000,21000.000,0.000,140000.000,858.000,1.000,0.120,2.750,227.000,0.333,70.000,0.000,0.000,0.500,0.000
0.222,1.000,0.000,0.000,1.000,11000.000,104.000,11000.000,21000.000,0.000,140000.000,858.000,1.000,0.120,2.750,227.000,0.333,70.000,0.000,0.000,0.500,0.000
0.222,1.000,0.000,0.000,1.000,11000.000,104.000,11000.000,21000.000,0.000,140000.000,858.000,1.000,0.120,2.750,227.000,0.333,70.000,0.000,0.000,0.500,0.000
0.222,1.000,0.000,0.000,1.000,11000.000,104.000,11000.000,21000.000,0.000,140000.000,858.000,1.000,0.120,2.750,227.000,0.333,70.000,0.000,0.000,0.500,0.000
0.405,7.500,0.000,0.000,1.000,11000.000,104.000,11000.000,21000.000,0.000,140000.000,858.000,0.744,0.120,2.750,227.000,0.029,81.000,0.000,0.000,0.500,0.000
0.405,7.500,0.000,0.000,1.000,11000.000,104.000,11000.000,21000.000,0.000,140000.000,858.000,0.744,0.120,2.750,227.000,0.029,81.000,0.000,0.000,0.500,0.000
0.405,7.500,0.000,0.000,1.000,11000.000,104.000,11000.000,21000.000,0.000,140000.000,858.000,0.744,0.120,2.750,227.000,0.029,81.000,0.000,0.000,0.500,0.000
0.405,7.500,0.000,0.000,1.000,11000.000,104.000,11000.000,21000.000,0.000,140000.000,858.000,0.744,0.120,2.750,227.000,0.029,81.000,0.000,0.000,0.500,0.000
0.405,7.500,0.000,0.000,1.000,11000.000,104.000,11000.000,21000.000,0.000,140000.000,858.000,0.744,0.120,2.750,227.000,0.029,81.000,0.000,0.000,0.500,0.000
0.214,1.000,4.000,0.502,1.000,11000.000,104.000,11000.000,21000.000,1.000,140000.000,645.000,1.000,0.120,2.750,227.000,0.333,74.000,26.000,17.067,0.500,0.000
0.086,1.000,4.000,0.502,1.000,11000.000,104.000,11000.000,21000.000,1.000,140000.000,858.000,1.000,0.120,2.750,227.000,0.333,98.000,23.000,26.000,0.500,0.000
0.214,1.000,4.000,0.502,1.000,11000.000,104.000,11000.000,21000.000,1.000,140000.000,645.000,1.000,0.120,2.750,227.000,0.333,64.000,26.000,3.373,0.500,0.000
0.158,1.000,4.000,0.502,1.000,11000.000,104.000,11000.000,21000.000,1.000,140000.000,858.000,1.000,0.120,2.750,227.000,0.333,73.000,28.000,2.367,0.500,0.000
0.125,1.000,4.000,0.502,1.000,2400.000,104.000,11000.000,21000.000,1.000,140000.000,858.000,1.000,0.120,2.750,227.000,0.333,75.000,7.000,2.367,0.500,0.000
0.086,1.000,4.000,0.502,1.000,11000.000,104.000,11000.000,21000.000,1.000,140000.000,858.000,1.000,0.120,2.750,227.000,0.333,88.000,23.000,0.000,0.500,0.000
0.086,1.000,4.000,0.502,1.000,11000.000,104.000,11000.000,21000.000,1.000,140000.000,858.000,1.000,0.120,2.750,227.000,0.333,88.000,23.000,3.780,0.500,0.000
0.086,1.000,4.000,0.502,1.000,11000.000,104.000,11000.000,21000.000,1.000,140000.000,858.000,1.000,0.120,2.750,227.000,0.333,88.000,23.000,2.513,0.500,0.000
0.214,1.000,4.000,0.502,1.000,11000.000,104.000,11000.000,21000.000,1.000,140000.000,645.000,1.000,0.120,2.750,227.000,0.333,64.000,26.000,2.240,0.500,0.000
0.214,1.000,4.000,0.502,1.000,11000.000,104.000,11000.000,21000.000,1.000,140000.000,645.000,1.000,0.120,2.750,227.000,0.333,64.000,26.000,10.573,0.500,0.000
0.158,1.000,4.000,0.502,1.000,11000.000,104.000,11000.000,21000.000,1.000,140000.000,858.000,1.000,0.120,2.750,227.000,0.333,73.000,28.000,2.507,0.500,0.000
0.158,1.000,4.000,0.502,1.000,4400.000,104.000,11000.000,21000.000,1.000,140000.000,858.000,1.000,0.120,2.750,227.000,0.333,73.000,28.000,2.513,0.500,0.000
0.158,1.000,4.000,0.502,1.000,4400.000,104.000,11000.000,21000.000,1.000,140000.000,858.000,1.000,0.120,2.750,227.000,0.333,73.000,28.000,0.180,0.500,0.000
0.214,1.000,4.000,0.502,1.000,11000.000,104.000,11000.000,21000.000,1.000,140000.000,858.000,1.000,0.120,2.750,227.000,0.333,64.000,26.000,1.173,0.500,0.000
0.158,1.000,4.000,0.502,1.000,4400.000,104.000,11000.000,21000.000,1.000,140000.000,858.000,1.000,0.120,2.750,227.000,0.333,73.000,28.000,1.870,0.500,0.000
0.158,1.000,4.000,0.502,1.000,4400.000,104.000,11000.000,21000.000,1.000,140000.000,858.000,1.000,0.120,2.750,227.000,0.333,73.000,28.000,0.180,0.500,0.000
0.125,1.000,4.000,0.502,1.000,2400.000,104.000,11000.000,21000.000,1.000,140000.000,858.000,1.000,0.120,2.750,227.000,0.333,75.000,7.000,0.180,0.500,0.000
0.125,1.000,4.000,0.502,1.000,2400.000,104.000,11000.000,21000.000,1.000,140000.000,858.000,1.000,0.120,2.750,227.000,0.333,75.000,7.000,0.180,0.500,0.000
0.086,1.000,4.000,0.502,1.000,11000.000,104.000,11000.000,21000.000,1.000,140000.000,858.000,1.000,0.120,2.750,227.000,0.333,88.000,23.000,0.000,0.500,0.000
0.086,1.000,4.000,0.502,1.000,11000.000,104.000,11000.000,21000.000,1.000,140000.000,858.000,1.000,0.120,2.750,227.000,0.333,88.000,23.000,4.847,0.500,0.000
0.086,1.000,4.000,0.502,1.000,11000.000,104.000,11000.000,21000.000,1.000,140000.000,858.000,1.000,0.120,2.750,227.000,0.333,88.000,23.000,3.140,0.500,0.000
0.086,1.000,4.000,0.502,1.000,11000.000,104.000,11000.000,21000.000,1.000,140000.000,858.000,1.000,0.120,2.750,227.000,0.333,88.000,23.000,0.180,0.500,0.000
0.086,1.000,4.000,0.502,1.000,11000.000,104.000,11000.000,21000.000,1.000,140000.000,858.000,1.000,0.120,2.750,227.000,0.333,88.000,23.000,0.180,0.500,0.000
0.125,1.000,4.000,0.502,1.000,11000.000,104.000,11000.000,21000.000,1.000,140000.000,858.000,1.000,0.120,2.750,227.000,0.333,75.000,7.000,0.537,0.500,0.000
0.158,1.000,4.000,0.502,1.000,4400.000,104.000,11000.000,21000.000,1.000,140000.000,858.000,1.000,0.120,2.750,227.000,0.333,73.000,28.000,0.173,0.500,0.000
0.158,1.000,4.000,0.502,1.000,4400.000,104.000,11000.000,21000.000,1.000,140000.000,858.000,1.000,0.120,2.750,227.000,0.333,73.000,28.000,0.180,0.500,0.000
0.214,1.000,4.000,0.502,1.000,11000.000,104.000,11000.000,21000.000,1.000,140000.000,858.000,1.000,0.120,2.750,227.000,0.333,64.000,26.000,0.620,0.500,0.000
0.214,1.000,4.000,0.502,1.000,11000.000,104.000,11000.000,21000.000,1.000,140000.000,858.000,1.000,0.120,2.750,227.000,0.333,64.000,26.000,0.627,0.500,0.000
0.500,1.000,3.000,6.670,1.000,11000.000,104.000,11000.000,21000.000,0.000,140000.000,665.000,1.000,0.120,2.750,227.000,0.333,82.000,400.000,34.000,0.500,0.000
0.316,1.000,3.000,6.670,1.000,11000.000,104.000,11000.000,21000.000,0.000,140000.000,858.000,1.000,0.120,2.750,227.000,0.333,73.800,0.000,0.000,0.500,0.000
0.316,1.000,3.000,6.670,1.000,4400.000,104.000,11000.000,21000.000,0.000,140000.000,858.000,1.000,0.120,2.750,227.000,0.333,73.800,0.000,0.000,0.500,0.000
0.316,1.000,3.000,6.670,1.000,4400.000,104.000,11000.000,21000.000,0.000,140000.000,858.000,1.000,0.120,2.750,227.000,0.333,73.800,0.000,0.000,0.500,0.000
0.316,1.000,3.000,6.670,1.000,4400.000,104.000,11000.000,21000.000,0.000,140000.000,858.000,1.000,0.120,2.750,227.000,0.333,73.800,0.000,0.000,0.500,0.000
0.316,1.000,3.000,6.670,1.000,4400.000,104.000,11000.000,21000.000,0.000,140000.000,858.000,1.000,0.120,2.750,227.000,0.333,73.800,0.000,0.000,0.500,0.000
0.316,1.000,3.000,6.670,1.000,4400.000,104.000,11000.000,21000.000,0.000,140000.000,858.000,1.000,0.120,2.750,227.000,0.333,73.800,0.000,0.000,0.500,0.000
0.316,1.000,3.000,6.670,1.000,4400.000,104.000,11000.000,21000.000,0.000,140000.000,858.000,1.000,0.120,2.750,227.000,0.333,73.800,0.000,0.000,0.500,0.000
0.316,1.000,3.000,6.670,1.000,4400.000,104.000,11000.000,21000.000,0.000,140000.000,858.000,1.000,0.120,2.750,227.000,0.333,73.800,0.000,0.000,0.500,0.000
0.316,1.000,3.000,6.670,1.000,4400.000,104.000,11000.000,21000.000,0.000,140000.000,858.000,1.000,0.120,2.750,227.000,0.333,73.800,0.000,0.000,0.500,0.000
0.316,1.000,3.000,6.670,1.000,4400.000,104.000,11000.000,21000.000,0.000,140000.000,858.000,1.000,0.120,2.750,227.000,0.333,73.800,0.000,0.000,0.500,0.000
0.316,1.000,3.000,6.670,1.000,4400.000,104.000,11000.000,21000.000,0.000,140000.000,858.000,1.000,0.120,2.750,227.000,0.333,73.800,0.000,0.000,0.500,0.000
0.316,1.000,3.000,6.670,1.000,4400.000,104.000,11000.000,21000.000,0.000,140000.000,858.000,1.000,0.120,2.750,227.000,0.333,73.800,0.000,0.000,0.500,0.000
0.316,1.000,3.000,6.670,1.000,4400.000,104.000,11000.000,21000.000,0.000,140000.000,858.000,1.000,0.120,2.750,227.000,0.333,73.800,0.000,0.000,0.500,0.000
0.316,1.000,3.000,6.670,1.000,4400.000,104.000,11000.000,21000.000,0.000,140000.000,858.000,1.000,0.120,2.750,227.000,0.333,73.800,0.000,0.000,0.500,0.000
0.316,1.000,3.000,6.670,1.000,4400.000,104.000,11000.000,21000.000,0.000,140000.000,858.000,1.000,0.120,2.750,227.000,0.333,73.800,0.000,0.000,0.500,0.000
0.316,1.000,3.000,6.670,1.000,4400.000,104.000,11000.000,21000.000,0.000,140000.000,858.000,1.000,0.120,2.750,227.000,0.333,73.800,0.000,0.000,0.500,0.000
0.240,1.000,3.000,6.670,1.000,2400.000,104.000,11000.000,21000.000,0.000,140000.000,858.000,1.000,0.120,2.750,227.000,0.333,66.277,404.667,20.847,0.500,0.000
0.240,1.000,3.000,6.670,1.000,2400.000,104.000,11000.000,21000.000,0.000,140000.000,858.000,1.000,0.120,2.750,227.000,0.333,66.277,404.667,20.847,0.500,0.000
0.240,1.000,3.000,6.670,1.000,2400.000,104.000,11000.000,21000.000,0.000,140000.000,858.000,1.000,0.120,2.750,227.000,0.333,66.277,404.667,20.847,0.500,0.000
0.240,1.000,3.000,6.670,1.000,2400.000,104.000,11000.000,21000.000,0.000,140000.000,858.000,1.000,0.120,2.750,227.000,0.333,66.277,404.667,20.847,0.500,0.000
0.240,1.000,3.000,6.670,1.000,2400.000,104.000,11000.000,21000.000,0.000,140000.000,858.000,1.000,0.120,2.750,227.000,0.333,66.277,404.667,20.847,0.500,0.000
0.240,1.000,3.000,6.670,1.000,2400.000,104.000,11000.000,21000.000,0.000,140000.000,858.000,1.000,0.120,2.750,227.000,0.333,66.277,404.667,20.847,0.500,0.000
0.240,1.000,3.000,6.670,1.000,2400.000,104.000,11000.000,21000.000,0.000,140000.000,858.000,1.000,0.120,2.750,227.000,0.333,66.277,404.667,20.847,0.500,0.000
0.240,1.000,3.000,6.670,1.000,2400.000,104.000,11000.000,21000.000,0.000,140000.000,858.000,1.000,0.120,2.750,227.000,0.333,66.277,404.667,20.847,0.500,0.000
0.240,1.000,3.000,6.670,1.000,2400.000,104.000,11000.000,21000.000,0.000,140000.000,858.000,1.000,0.120,2.750,227.000,0.333,66.277,404.667,20.847,0.500,0.000
0.240,1.000,3.000,6.670,1.000,2400.000,104.000,11000.000,21000.000,0.000,140000.000,858.000,1.000,0.120,2.750,227.000,0.333,66.277,404.667,20.847,0.500,0.000
0.240,1.000,3.000,6.670,1.000,2400.000,104.000,11000.000,21000.000,0.000,140000.000,858.000,1.000,0.120,2.750,227.000,0.333,66.277,404.667,20.847,0.500,0.000
0.240,1.000,3.000,6.670,1.000,2400.000,104.000,11000.000,21000.000,0.000,140000.000,858.000,1.000,0.120,2.750,227.000,0.333,66.277,404.667,20.847,0.500,0.000
0.158,1.000,3.000,6.670,1.000,11000.000,104.000,11000.000,21000.000,0.000,140000.000,858.000,1.000,0.120,2.750,227.000,0.333,72.167,1.848,28.933,0.500,0.000
0.158,1.000,3.000,6.670,1.000,11000.000,104.000,11000.000,21000.000,0.000,140000.000,858.000,1.000,0.120,2.750,227.000,0.333,72.167,1.848,28.933,0.500,0.000
0.158,1.000,3.000,6.670,1.000,11000.000,104.000,11000.000,21000.000,0.000,140000.000,858.000,1.000,0.120,2.750,227.000,0.333,72.167,1.848,28.933,0.500,0.000
0.158,1.000,3.000,6.670,1.000,11000.000,104.000,11000.000,21000.000,0.000,140000.000,858.000,1.000,0.120,2.750,227.000,0.333,72.167,1.848,28.933,0.500,0.000
0.158,1.000,3.000,6.670,1.000,11000.000,104.000,11000.000,21000.000,0.000,140000.000,858.000,1.000,0.120,2.750,227.000,0.333,72.167,1.848,28.933,0.500,0.000
0.158,1.000,3.000,6.670,1.000,11000.000,104.000,11000.000,21000.000,0.000,140000.000,858.000,1.000,0.120,2.750,227.000,0.333,72.167,1.848,28.933,0.500,0.000
0.158,1.000,3.000,6.670,1.000,11000.000,104.000,11000.000,21000.000,0.000,140000.000,858.000,1.000,0.120,2.750,227.000,0.333,72.167,1.848,28.933,0.500,0.000
0.201,5.857,1.000,6.109,1.000,11000.000,104.000,11000.000,24000.000,1.000,140000.000,858.000,0.782,0.120,2.750,227.000,0.024,91.320,0.000,0.000,0.500,0.000
0.201,5.857,1.000,6.109,1.000,11000.000,104.000,11000.000,24000.000,1.000,140000.000,858.000,0.782,0.120,2.750,227.000,0.024,91.320,0.000,0.000,0.500,0.000
0.201,5.857,1.000,6.109,1.000,11000.000,104.000,11000.000,24000.000,1.000,140000.000,858.000,0.782,0.120,2.750,227.000,0.024,91.320,0.000,0.000,0.500,0.000
0.201,5.857,1.000,6.109,1.000,11000.000,104.000,11000.000,24000.000,1.000,140000.000,858.000,0.782,0.120,2.750,227.000,0.024,91.320,0.000,0.000,0.500,0.000
0.201,5.857,1.000,6.109,1.000,11000.000,104.000,11000.000,24000.000,1.000,140000.000,858.000,0.782,0.120,2.750,227.000,0.024,91.320,0.000,0.000,0.500,0.000
0.201,5.857,1.000,6.109,1.000,11000.000,104.000,11000.000,24000.000,1.000,140000.000,858.000,0.782,0.120,2.750,227.000,0.024,91.320,0.000,0.000,0.500,0.000
0.201,5.857,1.000,6.109,1.000,11000.000,104.000,11000.000,24000.000,1.000,140000.000,858.000,0.782,0.120,2.750,227.000,0.024,91.320,0.000,0.000,0.500,0.000
0.201,5.857,1.000,6.109,1.000,11000.000,104.000,11000.000,24000.000,1.000,140000.000,858.000,0.782,0.120,2.750,227.000,0.024,91.320,0.000,0.000,0.500,0.000
0.203,11.404,1.000,6.109,1.000,11000.000,104.000,11000.000,24000.000,1.000,140000.000,858.000,0.674,0.120,2.750,227.000,0.014,88.300,0.000,0.000,0.500,0.000
0.203,11.404,1.000,6.109,1.000,11000.000,104.000,11000.000,24000.000,1.000,140000.000,858.000,0.674,0.120,2.750,227.000,0.014,88.300,0.000,0.000,0.500,0.000
0.203,11.404,1.000,6.109,1.000,11000.000,104.000,11000.000,24000.000,1.000,140000.000,858.000,0.674,0.120,2.750,227.000,0.014,88.300,0.000,0.000,0.500,0.000
0.203,11.404,1.000,6.109,1.000,11000.000,104.000,11000.000,24000.000,1.000,140000.000,858.000,0.674,0.120,2.750,227.000,0.014,88.300,0.000,0.000,0.500,0.000
0.203,11.404,1.000,6.109,1.000,11000.000,104.000,11000.000,24000.000,1.000,140000.000,858.000,0.674,0.120,2.750,227.000,0.014,88.300,0.000,0.000,0.500,0.000
0.203,11.404,1.000,6.109,1.000,11000.000,104.000,11000.000,24000.000,1.000,140000.000,858.000,0.674,0.120,2.750,227.000,0.014,88.300,0.000,0.000,0.500,0.000
0.203,11.404,1.000,6.109,1.000,11000.000,104.000,11000.000,24000.000,1.000,140000.000,858.000,0.674,0.120,2.750,227.000,0.014,88.300,0.000,0.000,0.500,0.000
0.203,11.404,1.000,6.109,1.000,11000.000,104.000,11000.000,24000.000,1.000,140000.000,858.000,0.674,0.120,2.750,227.000,0.014,88.300,0.000,0.000,0.500,0.000
0.203,11.404,1.000,6.109,1.000,11000.000,104.000,11000.000,24000.000,1.000,140000.000,858.000,0.674,0.120,2.750,227.000,0.014,88.300,0.000,0.000,0.500,0.000
0.203,11.404,1.000,6.109,1.000,11000.000,104.000,11000.000,24000.000,1.000,140000.000,858.000,0.674,0.120,2.750,227.000,0.014,88.300,0.000,0.000,0.500,0.000
0.203,11.404,1.000,6.109,1.000,11000.000,104.000,11000.000,24000.000,1.000,140000.000,858.000,0.674,0.120,2.750,227.000,0.014,88.300,0.000,0.000,0.500,0.000
0.203,11.404,1.000,6.109,1.000,11000.000,104.000,11000.000,24000.000,1.000,140000.000,858.000,0.674,0.120,2.750,227.000,0.014,88.300,0.000,0.000,0.500,0.000
0.203,11.404,1.000,6.109,1.000,11000.000,104.000,11000.000,24000.000,1.000,140000.000,858.000,0.674,0.120,2.750,227.000,0.014,88.300,0.000,0.000,0.500,0.000
0.203,11.404,1.000,6.109,1.000,11000.000,104.000,11000.000,24000.000,1.000,140000.000,858.000,0.674,0.120,2.750,227.000,0.014,88.300,0.000,0.000,0.500,0.000
0.203,11.404,1.000,6.109,1.000,11000.000,104.000,11000.000,24000.000,1.000,140000.000,858.000,0.674,0.120,2.750,227.000,0.014,88.300,0.000,0.000,0.500,0.000
0.203,11.404,1.000,6.109,1.000,11000.000,104.000,11000.000,24000.000,1.000,140000.000,858.000,0.674,0.120,2.750,227.000,0.014,88.300,0.000,0.000,0.500,0.000
0.203,11.404,1.000,6.109,1.000,11000.000,104.000,11000.000,24000.000,1.000,140000.000,858.000,0.674,0.120,2.750,227.000,0.014,88.300,0.000,0.000,0.500,0.000
0.203,11.404,1.000,6.109,1.000,11000.000,104.000,11000.000,24000.000,1.000,140000.000,858.000,0.674,0.120,2.750,227.000,0.014,88.300,0.000,0.000,0.500,0.000
0.203,11.404,1.000,6.109,1.000,11000.000,104.000,11000.000,24000.000,1.000,140000.000,858.000,0.674,0.120,2.750,227.000,0.014,88.300,0.000,0.000,0.500,0.000
0.203,11.404,1.000,6.109,1.000,11000.000,104.000,11000.000,24000.000,1.000,140000.000,858.000,0.674,0.120,2.750,227.000,0.014,88.300,0.000,0.000,0.500,0.000
0.203,11.404,1.000,6.109,1.000,11000.000,104.000,11000.000,24000.000,1.000,140000.000,858.000,0.674,0.120,2.750,227.000,0.014,88.300,0.000,0.000,0.500,0.000
0.201,5.857,1.000,6.109,1.000,11000.000,104.000,11000.000,24000.000,1.000,140000.000,858.000,0.782,0.120,2.750,227.000,0.024,91.320,0.000,0.000,0.500,0.000
0.201,5.857,1.000,6.109,1.000,11000.000,104.000,11000.000,24000.000,1.000,140000.000,858.000,0.782,0.120,2.750,227.000,0.024,91.320,0.000,0.000,0.500,0.000
0.201,5.857,1.000,6.109,1.000,11000.000,104.000,11000.000,24000.000,1.000,140000.000,858.000,0.782,0.120,2.750,227.000,0.024,91.320,0.000,0.000,0.500,0.000
0.201,5.857,1.000,6.109,1.000,11000.000,104.000,11000.000,24000.000,1.000,140000.000,858.000,0.782,0.120,2.750,227.000,0.024,91.320,0.000,0.000,0.500,0.000
0.201,5.857,1.000,6.109,1.000,11000.000,104.000,11000.000,24000.000,1.000,140000.000,858.000,0.782,0.120,2.750,227.000,0.024,91.320,0.000,0.000,0.500,0.000
0.201,5.857,1.000,6.109,1.000,11000.000,104.000,11000.000,24000.000,1.000,140000.000,858.000,0.782,0.120,2.750,227.000,0.024,91.320,0.000,0.000,0.500,0.000
0.201,5.857,1.000,6.109,1.000,11000.000,104.000,11000.000,24000.000,1.000,140000.000,858.000,0.782,0.120,2.750,227.000,0.024,91.320,0.000,0.000,0.500,0.000
0.201,5.857,1.000,6.109,1.000,11000.000,104.000,11000.000,24000.000,1.000,140000.000,858.000,0.782,0.120,2.750,227.000,0.024,91.320,0.000,0.000,0.500,0.000
0.201,5.857,1.000,6.109,1.000,11000.000,104.000,11000.000,24000.000,1.000,140000.000,858.000,0.782,0.120,2.750,227.000,0.024,91.320,0.000,0.000,0.500,0.000
0.201,5.857,1.000,6.109,1.000,11000.000,104.000,11000.000,24000.000,1.000,140000.000,858.000,0.782,0.120,2.750,227.000,0.024,91.320,0.000,0.000,0.500,0.000
0.201,5.857,1.000,6.109,1.000,11000.000,104.000,11000.000,24000.000,1.000,140000.000,858.000,0.782,0.120,2.750,227.000,0.024,91.320,0.000,0.000,0.500,0.000
0.201,5.857,1.000,6.109,1.000,11000.000,104.000,11000.000,24000.000,1.000,140000.000,858.000,0.782,0.120,2.750,227.000,0.024,91.320,0.000,0.000,0.500,0.000
0.201,5.857,1.000,6.109,1.000,11000.000,104.000,11000.000,24000.000,1.000,140000.000,858.000,0.782,0.120,2.750,227.000,0.024,91.320,0.000,0.000,0.500,0.000
0.201,5.857,1.000,6.109,1.000,11000.000,104.000,11000.000,24000.000,1.000,140000.000,858.000,0.782,0.120,2.750,227.000,0.024,91.320,0.000,0.000,0.500,0.000
0.201,5.857,1.000,6.109,1.000,11000.000,104.000,11000.000,24000.000,1.000,140000.000,858.000,0.782,0.120,2.750,227.000,0.024,91.320,0.000,0.000,0.500,0.000
0.201,5.857,1.000,6.109,1.000,11000.000,104.000,11000.000,24000.000,1.000,140000.000,858.000,0.782,0.120,2.750,227.000,0.024,91.320,0.000,0.000,0.500,0.000
0.240,1.000,3.000,6.670,1.000,11000.000,104.000,11000.000,21000.000,0.000,140000.000,858.000,1.000,0.120,2.750,227.000,0.333,60.000,0.000,0.000,0.500,0.000
0.152,5.600,1.000,6.109,1.000,11000.000,104.000,11000.000,24000.000,1.000,140000.000,858.000,0.789,0.120,2.750,227.000,0.020,88.300,0.000,0.000,0.500,0.000
0.200,1.000,3.000,6.670,1.000,11000.000,104.000,11000.000,21000.000,0.000,140000.000,858.000,1.000,0.120,2.750,227.000,0.333,60.000,0.000,0.000,0.500,0.000
0.200,1.000,3.000,6.670,1.000,11000.000,104.000,11000.000,21000.000,0.000,140000.000,858.000,1.000,0.120,2.750,227.000,0.333,60.000,0.000,0.000,0.500,0.000
0.294,1.000,0.000,0.000,1.000,11000.000,104.000,11000.000,21000.000,0.000,140000.000,858.000,1.000,0.120,2.750,227.000,0.333,81.833,173.667,23.513,0.500,0.000
0.462,1.000,0.000,0.000,1.000,11000.000,104.000,11000.000,21000.000,0.000,140000.000,665.000,1.000,0.120,2.750,227.000,0.210,68.000,0.000,0.000,0.500,0.000
0.462,1.000,0.000,0.000,1.000,11000.000,104.000,11000.000,21000.000,0.000,140000.000,665.000,1.000,0.120,2.750,227.000,0.210,68.000,0.000,0.000,0.500,0.000
0.462,1.000,0.000,0.000,1.000,11000.000,104.000,11000.000,21000.000,0.000,140000.000,665.000,1.000,0.120,2.750,227.000,0.210,68.000,0.000,0.000,0.500,0.000
0.462,1.000,0.000,0.000,1.000,11000.000,104.000,11000.000,21000.000,0.000,140000.000,665.000,1.000,0.120,2.750,227.000,0.210,68.000,0.000,0.000,0.500,0.000
0.273,1.000,0.000,0.000,1.000,11000.000,104.000,11000.000,21000.000,0.000,140000.000,858.000,1.000,0.120,2.750,227.000,0.210,73.000,22.000,7.000,0.500,0.000
0.273,1.000,0.000,0.000,1.000,11000.000,104.000,11000.000,21000.000,0.000,140000.000,858.000,1.000,0.120,2.750,227.000,0.210,73.000,22.000,7.000,0.500,0.000
0.273,1.000,0.000,0.000,1.000,11000.000,104.000,11000.000,21000.000,0.000,140000.000,858.000,1.000,0.120,2.750,227.000,0.210,73.000,22.000,7.000,0.500,0.000
0.273,1.000,0.000,0.000,1.000,11000.000,104.000,11000.000,21000.000,0.000,140000.000,858.000,1.000,0.120,2.750,227.000,0.210,73.000,22.000,7.000,0.500,0.000
0.140,1.000,0.000,0.000,1.000,11000.000,104.000,11000.000,21000.000,0.000,140000.000,858.000,1.000,0.120,2.750,227.000,0.210,85.000,37.000,14.000,0.500,0.000
0.140,1.000,0.000,0.000,1.000,11000.000,104.000,11000.000,21000.000,0.000,140000.000,858.000,1.000,0.120,2.750,227.000,0.210,85.000,37.000,14.000,0.500,0.000
0.140,1.000,0.000,0.000,1.000,11000.000,104.000,11000.000,21000.000,0.000,140000.000,858.000,1.000,0.120,2.750,227.000,0.210,85.000,37.000,14.000,0.500,0.000
0.140,1.000,0.000,0.000,1.000,11000.000,104.000,11000.000,21000.000,0.000,140000.000,858.000,1.000,0.670,2.750,227.000,0.210,85.000,37.000,14.000,0.500,0.000
0.061,1.000,0.000,0.000,1.000,11000.000,104.000,11000.000,21000.000,0.000,140000.000,858.000,1.000,0.670,2.750,227.000,0.210,90.000,80.000,23.000,0.500,0.000
0.061,1.000,0.000,0.000,1.000,11000.000,104.000,11000.000,21000.000,0.000,140000.000,858.000,1.000,0.670,2.750,227.000,0.210,90.000,80.000,23.000,0.500,0.000
0.061,1.000,0.000,0.000,1.000,11000.000,104.000,11000.000,21000.000,0.000,140000.000,858.000,1.000,0.670,2.750,227.000,0.210,90.000,80.000,23.000,0.500,0.000
0.061,1.000,0.000,0.000,1.000,11000.000,104.000,11000.000,21000.000,0.000,140000.000,858.000,1.000,0.670,2.750,227.000,0.210,90.000,80.000,23.000,0.500,0.000
0.023,1.000,0.000,0.000,1.000,11000.000,104.000,11000.000,21000.000,0.000,140000.000,858.000,1.000,0.670,2.750,227.000,0.210,92.000,118.000,13.000,0.500,0.000
0.023,1.000,0.000,0.000,1.000,11000.000,104.000,11000.000,21000.000,0.000,140000.000,858.000,1.000,0.670,2.750,227.000,0.210,92.000,118.000,13.000,0.500,0.000
0.023,1.000,0.000,0.000,1.000,11000.000,104.000,11000.000,21000.000,0.000,140000.000,858.000,1.000,0.670,2.750,227.000,0.210,92.000,118.000,13.000,0.500,0.000
0.028,1.000,0.000,0.000,1.000,11000.000,104.000,11000.000,21000.000,0.000,140000.000,858.000,1.000,0.670,2.750,227.000,0.210,92.000,118.000,13.000,0.500,0.000
0.357,1.000,7.000,-3.288,1.000,11000.000,104.000,11000.000,21000.000,0.000,140000.000,635.000,1.000,0.670,2.750,227.000,0.333,20.000,0.000,0.000,0.500,0.000
0.221,1.000,0.000,0.000,1.176,23750.000,55828.000,11000.000,21000.000,0.000,772500.000,793.500,1.000,0.120,2.042,227.000,0.333,132.000,0.000,0.000,0.500,0.004
0.221,1.000,0.000,0.000,1.176,23750.000,55828.000,11000.000,21000.000,0.000,772500.000,793.500,1.000,0.120,2.042,227.000,0.333,132.000,0.000,0.000,0.500,0.004
0.221,1.000,0.000,0.000,1.176,23750.000,55828.000,11000.000,21000.000,0.000,772500.000,793.500,1.000,0.120,2.042,227.000,0.333,132.000,0.000,0.000,0.500,0.004
0.221,1.000,0.000,0.000,1.176,23750.000,55828.000,11000.000,21000.000,0.000,772500.000,793.500,1.000,0.120,2.042,227.000,0.333,132.000,0.000,0.000,0.500,0.004
0.221,1.000,0.000,0.000,1.176,23750.000,55828.000,11000.000,21000.000,0.000,772500.000,793.500,1.000,0.120,2.042,227.000,0.333,132.000,0.000,0.000,0.500,0.004
0.221,1.000,0.000,0.000,1.176,23750.000,55828.000,11000.000,21000.000,0.000,772500.000,793.500,1.000,0.120,2.042,227.000,0.333,132.000,0.000,0.000,0.500,0.004
0.500,1.163,0.000,0.000,1.000,8000.000,104.000,11000.000,47000.000,1.000,140000.000,948.000,1.000,0.100,2.796,227.000,0.333,20.123,612.000,7.363,0.500,0.000
0.500,1.163,0.000,0.000,1.000,8000.000,104.000,11000.000,47000.000,1.000,140000.000,948.000,1.000,0.100,2.796,227.000,0.333,40.870,1017.200,14.207,0.500,0.000
0.526,1.171,0.000,0.000,1.000,8000.000,104.000,11000.000,47000.000,1.000,140000.000,948.000,1.000,0.100,2.796,227.000,0.333,0.137,1465.000,0.053,0.500,0.000
0.526,1.171,0.000,0.000,1.000,8000.000,104.000,11000.000,47000.000,1.000,140000.000,948.000,1.000,0.100,2.796,227.000,0.333,0.420,1922.800,0.143,0.500,0.000
0.012,1.000,0.000,0.000,1.000,8000.000,105.000,11000.000,1870.000,1.000,140000.000,500.000,1.000,0.100,2.796,167.000,0.333,18.980,130.000,1.970,0.328,0.000
0.012,1.000,0.000,0.000,1.000,8000.000,105.000,11000.000,1870.000,1.000,140000.000,500.000,1.000,0.100,2.796,167.000,0.333,10.450,130.000,1.970,0.328,0.000
0.171,1.000,0.000,0.000,1.000,8000.000,104.000,11000.000,48000.000,1.000,140000.000,948.000,1.000,0.100,2.796,227.000,0.333,83.630,0.000,0.000,0.500,0.000
0.171,1.000,0.000,0.000,1.000,8000.000,104.000,11000.000,48000.000,1.000,140000.000,948.000,1.000,0.100,2.796,227.000,0.333,89.200,0.000,0.000,0.500,0.000
0.300,1.000,0.000,0.000,1.000,26000.000,104.000,11000.000,89000.000,0.000,140000.000,948.000,1.000,0.100,2.796,167.000,0.333,28.000,3.564,19.253,0.500,0.000
0.300,1.000,0.000,0.000,1.000,26000.000,104.000,11000.000,89000.000,0.000,140000.000,948.000,1.000,0.100,2.796,167.000,0.333,28.000,3.566,19.503,0.500,0.000
0.300,1.000,0.000,0.000,1.000,26000.000,104.000,11000.000,89000.000,0.000,140000.000,948.000,1.000,0.100,2.796,167.000,0.333,28.000,3.564,19.253,0.500,0.000
0.167,1.000,0.000,0.000,1.000,8000.000,104.000,11000.000,48000.000,0.000,140000.000,948.000,1.000,0.100,2.796,167.000,0.333,39.000,7.224,32.580,0.500,0.000
0.167,1.000,0.000,0.000,1.000,8000.000,104.000,11000.000,48000.000,0.000,140000.000,948.000,1.000,0.100,2.796,167.000,0.333,39.000,7.224,32.580,0.500,0.000
0.136,1.000,0.000,0.000,1.000,8000.000,104.000,11000.000,16000.000,0.000,140000.000,948.000,1.000,0.100,2.796,167.000,0.333,39.000,7.224,32.580,0.500,0.000
0.136,1.000,0.000,0.000,1.000,8000.000,104.000,11000.000,16000.000,0.000,140000.000,948.000,1.000,0.100,2.796,167.000,0.333,39.000,7.224,32.580,0.500,0.000
0.286,1.000,0.000,0.000,1.083,38825.000,55757.950,200000.000,181000.000,0.000,2190000.000,750.000,1.000,0.170,2.654,225.000,0.333,34.730,0.000,0.000,0.156,0.004
0.286,1.000,0.000,0.000,1.053,38825.000,55757.950,200000.000,181000.000,0.000,2190000.000,750.000,1.000,0.170,2.669,225.000,0.333,34.700,0.000,0.000,0.156,0.004
0.035,1.000,0.000,0.000,1.071,11000.000,104.000,11000.000,47000.000,0.000,140000.000,858.000,0.993,0.670,2.750,227.000,0.333,75.900,100.000,15.000,0.500,0.000
0.028,1.166,0.000,0.000,1.071,11000.000,104.000,11000.000,47000.000,0.000,140000.000,858.000,1.000,0.670,2.750,227.000,0.333,87.400,100.000,15.000,0.500,0.000
0.027,1.000,0.000,0.000,1.071,11000.000,104.000,11000.000,47000.000,0.000,140000.000,858.000,0.998,0.670,2.750,227.000,0.333,83.500,100.000,15.000,0.500,0.000
0.024,1.000,0.000,0.000,1.071,11000.000,104.000,11000.000,47000.000,0.000,140000.000,858.000,1.000,0.670,2.750,227.000,0.333,49.410,0.000,0.000,0.500,0.000
0.024,1.000,0.000,0.000,1.071,11000.000,104.000,11000.000,47000.000,0.000,140000.000,858.000,1.000,0.670,2.750,227.000,0.333,49.410,0.000,0.000,0.500,0.000
0.010,1.000,0.000,0.000,1.071,11000.000,104.000,11000.000,47000.000,0.000,140000.000,858.000,1.000,0.670,2.750,227.000,0.333,50.720,0.000,0.000,0.500,0.000
0.010,1.000,0.000,0.000,1.071,11000.000,104.000,11000.000,47000.000,0.000,140000.000,858.000,1.000,0.670,2.750,227.000,0.333,50.720,0.000,0.000,0.500,0.000
0.600,1.000,0.000,0.000,1.071,11000.000,104.000,11000.000,47000.000,0.000,140000.000,650.000,1.000,0.670,2.750,227.000,0.333,78.000,0.000,0.000,0.500,0.000
0.100,1.000,0.000,0.000,1.071,11000.000,104.000,11000.000,47000.000,0.000,140000.000,858.000,1.000,0.670,2.750,227.000,0.333,15.830,0.000,0.000,0.500,0.000
0.100,1.000,0.000,0.000,1.071,11000.000,104.000,11000.000,47000.000,0.000,140000.000,858.000,1.000,0.670,2.750,227.000,0.333,15.830,0.000,0.000,0.500,0.000
0.200,1.000,0.000,0.000,1.071,11000.000,104.000,11000.000,47000.000,0.000,140000.000,645.000,1.000,0.670,2.750,227.000,0.333,15.830,0.000,0.000,0.500,0.000
0.200,1.000,0.000,0.000,1.071,11000.000,104.000,11000.000,47000.000,0.000,140000.000,858.000,1.000,0.670,2.750,227.000,0.333,15.830,0.000,0.000,0.500,0.000
0.120,1.000,0.000,0.000,1.071,11000.000,104.000,11000.000,47000.000,0.000,140000.000,858.000,1.000,0.670,2.750,227.000,0.333,46.030,0.000,0.000,0.500,0.000
0.120,1.000,0.000,0.000,1.071,11000.000,104.000,11000.000,47000.000,0.000,140000.000,858.000,1.000,0.670,2.750,227.000,0.333,46.030,0.000,0.000,0.500,0.000
0.300,1.000,0.000,0.000,1.071,11000.000,104.000,11000.000,48000.000,0.000,140000.000,858.000,1.000,0.670,2.750,227.000,0.333,5.920,15000.000,0.043,0.500,0.000
0.019,2.296,0.000,0.000,1.071,11000.000,104.000,11000.000,48000.000,0.000,140000.000,858.000,1.000,0.670,2.750,227.000,0.333,7.160,21600.000,0.043,0.500,0.000
0.019,2.296,0.000,0.000,1.071,11000.000,104.000,11000.000,48000.000,0.000,140000.000,858.000,1.000,0.670,2.750,227.000,0.333,8.420,30800.000,0.942,0.500,0.000
0.005,1.000,0.000,0.000,0.833,49500.000,55828.250,100500.000,32550.000,0.000,772500.000,465.000,1.000,6.455,2.725,184.000,0.333,41.620,0.000,0.000,0.500,0.004
0.005,1.000,0.000,0.000,0.833,49500.000,55828.250,100500.000,32550.000,0.000,772500.000,465.000,1.000,6.455,2.725,184.000,0.333,41.620,0.000,0.000,0.500,0.004
0.001,1.000,0.000,0.000,1.389,23000.000,3000.000,11000.000,24435.000,0.000,772500.000,427.000,1.000,0.385,2.768,114.500,0.333,8.450,0.000,0.000,0.500,0.004
0.001,1.000,0.000,0.000,1.389,23000.000,3000.000,11000.000,24435.000,0.000,772500.000,427.000,1.000,0.385,2.768,114.500,0.333,8.450,0.000,0.000,0.500,0.004
0.111,1.000,0.000,0.000,1.071,91500.000,104.000,11000.000,47000.000,0.000,73489.500,715.500,1.000,0.395,2.644,227.000,0.333,54.800,0.000,0.000,0.500,0.000
0.111,1.000,0.000,0.000,1.071,91500.000,104.000,11000.000,47000.000,0.000,73489.500,715.500,1.000,0.395,2.644,227.000,0.333,54.800,0.000,0.000,0.500,0.000
0.001,20.000,0.000,0.000,0.833,49500.000,57276.000,100500.000,32550.000,0.000,772500.000,125.000,1.000,6.455,2.870,2.000,0.333,750.000,750.000,0.220,0.328,0.004
0.001,20.000,0.000,0.000,0.833,49500.000,57276.000,100500.000,32550.000,0.000,772500.000,125.000,1.000,6.455,2.870,2.000,0.333,750.000,750.000,0.071,0.328,0.004
0.462,1.000,0.000,0.000,1.036,11000.000,104.000,11000.000,21000.000,0.000,140000.000,655.000,1.000,0.120,2.707,227.000,0.333,63.980,0.000,0.000,0.500,0.000
0.462,1.000,0.000,0.000,1.036,11000.000,104.000,11000.000,21000.000,0.000,140000.000,655.000,1.000,0.120,2.707,227.000,0.333,63.980,0.000,0.000,0.500,0.000
0.429,1.000,0.000,0.000,0.964,22500.000,64302.000,11000.000,24250.000,0.000,772500.000,655.000,1.000,0.120,2.700,227.000,0.333,75.960,0.000,0.000,0.500,0.004
0.429,1.000,0.000,0.000,0.964,22500.000,64302.000,11000.000,24250.000,0.000,772500.000,655.000,1.000,0.120,2.700,227.000,0.333,75.960,0.000,0.000,0.500,0.004
0.500,1.000,0.000,0.000,0.929,62075.000,55828.000,11750.000,83500.000,0.000,772500.000,655.000,1.000,0.133,2.696,227.000,0.333,65.880,0.000,0.000,0.414,0.004
0.500,1.000,0.000,0.000,0.929,62075.000,55828.000,11750.000,83500.000,0.000,772500.000,655.000,1.000,0.133,2.696,227.000,0.333,65.880,0.000,0.000,0.414,0.004
0.545,1.000,0.000,0.000,0.893,23750.000,55828.000,11000.000,14000.000,0.000,772500.000,655.000,1.000,0.120,2.693,227.000,0.333,60.080,0.000,0.000,0.500,0.004
0.545,1.000,0.000,0.000,0.893,23750.000,55828.000,11000.000,14000.000,0.000,772500.000,655.000,1.000,0.120,2.693,227.000,0.333,60.080,0.000,0.000,0.500,0.004
0.014,1.000,0.000,0.000,1.667,62000.000,162000.000,15050.000,38717.500,0.000,2670000.000,713.000,1.000,-15.650,2.676,227.000,0.333,69.500,0.000,0.000,0.328,0.015
0.014,1.000,0.000,0.000,1.667,62000.000,162000.000,15050.000,38717.500,0.000,2670000.000,713.000,1.000,-15.650,2.676,227.000,0.333,69.500,0.000,0.000,0.328,0.015
0.014,1.000,0.000,0.000,1.667,62000.000,162000.000,15050.000,38717.500,0.000,2670000.000,713.000,1.000,-15.650,2.676,227.000,0.333,69.500,0.000,0.000,0.328,0.015
0.214,1.000,0.000,0.000,0.893,23750.000,55828.000,11000.000,21000.000,0.000,772500.000,633.750,1.000,0.120,2.717,227.000,0.333,41.120,0.880,8.150,0.500,0.004
0.081,1.000,8.000,-2.850,1.071,4000.000,3300.000,11000.000,56000.000,0.000,6979.000,570.000,1.000,0.120,2.710,227.000,0.333,75.000,0.250,20.000,0.500,0.000
0.081,1.000,8.000,-2.850,1.071,4000.000,3300.000,11000.000,56000.000,0.000,6979.000,570.000,1.000,0.120,2.710,227.000,0.333,75.000,0.250,20.000,0.500,0.000
0.081,1.000,8.000,-2.850,1.071,4000.000,3300.000,11000.000,56000.000,0.000,6979.000,570.000,1.000,0.120,2.710,227.000,0.333,75.000,0.250,20.000,0.500,0.000
0.081,1.000,8.000,-2.850,1.071,4000.000,3300.000,11000.000,56000.000,0.000,6979.000,570.000,1.000,0.120,2.710,227.000,0.333,75.000,0.250,20.000,0.500,0.000
0.081,1.000,8.000,-2.850,1.071,4000.000,3300.000,11000.000,56000.000,0.000,6979.000,570.000,1.000,0.120,2.710,227.000,0.333,75.000,0.250,20.000,0.500,0.000
0.081,1.000,8.000,-2.850,1.071,4000.000,3300.000,11000.000,56000.000,0.000,6979.000,570.000,1.000,0.120,2.710,227.000,0.333,75.000,0.250,20.000,0.500,0.000
0.421,1.000,0.000,0.000,1.071,172000.000,1750.000,158000.000,35375.000,1.000,6979.000,573.000,1.000,12.240,2.710,57.000,0.333,51.990,44.520,0.520,9.100,0.000
0.750,1.000,0.000,0.000,2.500,172000.000,3300.000,860000.000,56000.000,0.000,6979.000,573.000,1.000,12.240,2.710,227.000,0.333,66.300,0.000,0.000,0.328,0.000
0.188,1.000,0.000,0.000,2.500,172000.000,3300.000,860000.000,56000.000,0.000,6979.000,573.000,1.000,12.240,2.710,227.000,0.333,54.550,0.000,0.000,0.328,0.000
0.167,1.000,0.000,0.000,2.500,172000.000,3300.000,860000.000,56000.000,0.000,6979.000,573.000,1.000,9.223,2.710,227.000,0.333,42.990,0.000,0.000,0.328,0.000
0.111,1.000,0.000,0.000,2.500,172000.000,3300.000,855500.000,56000.000,0.000,6979.000,573.000,1.000,6.205,2.710,227.000,0.333,18.700,0.000,0.000,0.328,0.000
0.750,1.000,0.000,0.000,2.500,172000.000,3300.000,860000.000,56000.000,0.000,6979.000,573.000,1.000,12.240,2.710,227.000,0.333,66.300,0.000,0.000,0.328,0.000
0.188,1.000,0.000,0.000,2.500,172000.000,3300.000,860000.000,56000.000,0.000,6979.000,573.000,1.000,12.240,2.710,227.000,0.333,54.550,0.000,0.000,0.328,0.000
0.167,1.000,0.000,0.000,2.500,172000.000,3300.000,860000.000,56000.000,0.000,6979.000,573.000,1.000,9.223,2.710,227.000,0.333,42.990,0.000,0.000,0.328,0.000
0.111,1.000,0.000,0.000,2.500,172000.000,3300.000,855500.000,56000.000,0.000,6979.000,573.000,1.000,6.205,2.710,227.000,0.333,18.700,0.000,0.000,0.328,0.000
0.949,1.000,0.000,0.000,2.500,172000.000,3300.000,860000.000,56000.000,0.000,6979.000,573.000,1.000,12.240,2.710,227.000,0.333,44.170,0.000,0.000,0.328,0.000
0.020,1.000,0.000,0.000,2.500,172000.000,3300.000,11000.000,56000.000,0.000,6979.000,573.000,1.000,0.670,2.710,227.000,0.333,49.300,1005.000,18.890,0.500,0.000
0.667,1.000,0.000,0.000,2.500,172000.000,3300.000,860000.000,56000.000,0.000,6979.000,658.000,1.000,12.240,2.710,227.000,0.333,61.600,53.800,4.400,0.328,0.000
0.857,1.000,0.000,0.000,2.500,172000.000,3300.000,860000.000,56000.000,0.000,6979.000,658.000,1.000,12.240,2.710,227.000,0.333,76.800,128.500,7.400,0.328,0.000
1.500,1.000,0.000,0.000,2.500,172000.000,3300.000,860000.000,56000.000,0.000,6979.000,658.000,1.000,12.240,2.710,227.000,0.333,58.500,114.400,2.700,0.328,0.000
1.500,1.000,0.000,0.000,2.500,200000.000,3300.000,860000.000,56000.000,0.000,6979.000,658.000,1.000,12.240,2.710,227.000,0.333,28.800,75.800,0.500,0.328,0.000
2.000,1.000,0.000,0.000,2.500,172000.000,3300.000,860000.000,56000.000,0.000,6979.000,658.000,1.000,12.240,2.710,227.000,0.333,26.500,252.200,1.900,0.328,0.000
2.000,1.000,0.000,0.000,2.500,172000.000,3300.000,860000.000,56000.000,0.000,6979.000,658.000,1.000,12.240,2.710,227.000,0.333,20.300,152.400,0.700,0.328,0.000
1.500,1.000,0.000,0.000,2.500,172000.000,3300.000,860000.000,56000.000,0.000,6979.000,658.000,1.000,12.240,2.710,227.000,0.333,46.100,55.300,0.900,0.328,0.000
1.200,1.000,0.000,0.000,2.500,172000.000,3300.000,860000.000,56000.000,0.000,6979.000,658.000,1.000,12.240,2.710,227.000,0.333,19.700,125.800,0.500,0.328,0.000
0.036,1.000,0.000,0.000,0.821,10.460,55828.000,11000.000,786.240,0.000,772500.000,650.000,1.000,0.120,2.743,227.000,0.333,77.100,0.000,0.000,0.500,0.004
0.833,1.000,4.000,-1.248,0.862,57100.000,200.000,158000.000,629.000,0.000,1109244.750,626.000,1.000,12.240,2.748,227.000,0.333,30.800,7.000,0.160,0.156,0.001
0.833,1.000,4.000,-1.248,0.755,57100.000,200.000,158000.000,629.000,0.000,1109244.750,626.000,1.000,12.240,2.748,227.000,0.333,30.800,7.000,0.160,0.156,0.001
0.682,1.000,4.000,-1.248,0.671,57100.000,200.000,158000.000,629.000,0.000,1109244.750,626.000,1.000,12.240,2.748,227.000,0.333,36.300,27.000,0.770,0.156,0.001
0.682,1.000,4.000,-1.248,0.604,57100.000,200.000,158000.000,629.000,0.000,1109244.750,626.000,1.000,12.240,2.748,227.000,0.333,36.300,27.000,0.770,0.156,0.001
0.043,1.000,0.000,0.000,0.929,16400.000,6600000.000,16400.000,51000.000,0.000,579244.750,540.000,1.000,-20.900,2.761,227.000,0.333,44.420,0.000,0.000,6.864,0.000
0.100,1.000,8.000,-2.850,0.929,7000.000,6600000.000,124000.000,5767.840,0.000,579244.750,860.000,1.000,-20.900,2.761,227.000,0.333,68.000,0.280,25.000,6.864,0.000
0.100,1.000,8.000,-2.850,0.929,7000.000,6600000.000,124000.000,5767.840,0.000,579244.750,860.000,1.000,-20.900,2.761,227.000,0.333,68.000,0.280,25.000,6.864,0.000
0.100,1.000,8.000,-2.850,0.929,7000.000,6600000.000,124000.000,5767.840,0.000,579244.750,860.000,1.000,-20.900,2.761,227.000,0.333,68.000,0.280,25.000,6.864,0.000
0.100,1.000,8.000,-2.850,0.929,7000.000,6600000.000,124000.000,5767.840,0.000,579244.750,860.000,1.000,-20.900,2.761,227.000,0.333,68.000,0.280,25.000,6.864,0.000
0.100,1.000,8.000,-2.850,0.929,7000.000,6600000.000,124000.000,5767.840,0.000,579244.750,860.000,1.000,-20.900,2.761,227.000,0.333,68.000,0.280,25.000,6.864,0.000
0.100,1.000,8.000,-2.850,0.929,7000.000,6600000.000,124000.000,5767.840,0.000,579244.750,860.000,1.000,-20.900,2.761,227.000,0.333,68.000,0.280,25.000,6.864,0.000
0.370,1.000,0.000,0.000,0.929,16400.000,6600000.000,16400.000,51000.000,1.000,579244.750,843.000,1.000,-20.900,2.761,227.000,0.333,17.490,20.040,0.020,6.864,0.000
0.006,1.000,0.000,0.000,1.708,49500.000,55828.250,100500.000,32550.000,0.000,772500.000,420.000,1.000,6.455,2.762,184.000,0.333,89.430,669.560,25.300,0.328,0.004
0.006,1.000,0.000,0.000,1.708,49500.000,55828.250,100500.000,32550.000,0.000,772500.000,420.000,1.000,6.455,2.762,184.000,0.333,89.430,669.560,25.300,0.328,0.004
0.006,1.000,0.000,0.000,1.708,49500.000,55828.250,100500.000,32550.000,0.000,772500.000,420.000,1.000,6.455,2.762,184.000,0.333,89.430,669.560,25.300,0.328,0.004
0.015,1.000,0.000,0.000,2.167,16400.000,6600000.000,16400.000,51000.000,0.000,2670000.000,790.000,1.000,-20.900,2.761,227.000,0.333,43.000,0.000,0.000,0.328,0.015
0.015,1.000,0.000,0.000,2.167,16400.000,6600000.000,16400.000,51000.000,0.000,2670000.000,843.150,1.000,-20.900,2.761,227.000,0.333,43.000,0.000,0.000,0.328,0.015
0.015,1.000,0.000,0.000,2.167,16400.000,6600000.000,16400.000,51000.000,0.000,2670000.000,843.150,1.000,-20.900,2.761,227.000,0.333,43.000,0.000,0.000,0.328,0.015
0.001,111.111,0.000,0.000,0.000,49500.000,57276.000,100500.000,32550.000,0.000,772500.000,1494.000,1.000,6.455,2.005,194.000,0.333,0.610,140.000,140.000,0.328,0.004
0.043,1.000,0.000,0.000,1.500,25100.000,1705802.000,12350.000,28500.000,0.000,772500.000,928.000,0.928,-4.997,2.697,227.000,0.333,41.340,0.000,27.000,0.500,0.004
0.043,1.000,0.000,0.000,1.500,25100.000,1705802.000,12350.000,28500.000,0.000,772500.000,928.000,0.928,-4.997,2.697,227.000,0.333,41.340,0.000,27.000,0.500,0.004
0.043,1.000,0.000,0.000,1.500,25100.000,1705802.000,12350.000,28500.000,0.000,772500.000,928.000,0.928,-4.997,2.697,227.000,0.333,41.340,0.000,27.000,0.500,0.004
0.212,1.000,0.000,0.000,0.937,29100.000,104.000,11000.000,294000.000,0.000,140000.000,534.000,1.000,0.115,2.727,227.000,0.333,46.300,6.490,0.460,9.100,0.000
0.212,1.000,0.000,0.000,0.937,29100.000,104.000,11000.000,294000.000,0.000,140000.000,534.000,1.000,0.115,2.727,227.000,0.333,46.300,6.490,0.460,9.100,0.000
0.212,1.000,0.000,0.000,0.937,29100.000,104.000,11000.000,294000.000,0.000,140000.000,534.000,1.000,0.115,2.727,227.000,0.333,46.300,6.490,0.460,9.100,0.000
0.166,1.000,0.000,0.000,0.857,32600.000,104.000,11000.000,294000.000,0.000,140000.000,534.000,1.000,0.120,2.698,227.000,0.333,51.700,8.120,1.340,9.100,0.000
0.166,1.000,0.000,0.000,0.857,32600.000,104.000,11000.000,294000.000,0.000,140000.000,534.000,1.000,0.120,2.698,227.000,0.333,51.700,8.120,1.340,9.100,0.000
0.166,1.000,0.000,0.000,0.857,32600.000,104.000,11000.000,294000.000,0.000,140000.000,534.000,1.000,0.120,2.698,227.000,0.333,51.700,8.120,1.340,9.100,0.000
0.134,1.000,0.000,0.000,0.786,66100.000,55757.950,195000.000,16325.000,0.000,2190000.000,531.000,1.000,9.223,2.672,227.000,0.333,96.100,10.120,1.610,4.628,0.004
0.134,1.000,0.000,0.000,0.786,66100.000,55757.950,195000.000,16325.000,0.000,2190000.000,531.000,1.000,9.223,2.672,227.000,0.333,96.100,10.120,1.610,4.628,0.004
0.134,1.000,0.000,0.000,0.786,66100.000,55757.950,195000.000,16325.000,0.000,2190000.000,531.000,1.000,9.223,2.672,227.000,0.333,96.100,10.120,1.610,4.628,0.004
0.303,1.000,0.000,0.000,1.036,19200.000,10.600,108000.000,201750.000,0.000,2030000.000,800.000,1.000,0.170,2.711,227.000,0.333,46.500,0.000,0.000,9.100,0.001
0.303,1.000,0.000,0.000,1.036,19200.000,10.600,108000.000,201750.000,0.000,2030000.000,800.000,1.000,0.170,2.711,227.000,0.333,46.500,0.000,0.000,9.100,0.001
0.303,1.000,0.000,0.000,1.036,19200.000,10.600,108000.000,201750.000,0.000,2030000.000,800.000,1.000,0.170,2.711,227.000,0.333,46.500,0.000,0.000,9.100,0.001
0.303,1.000,0.000,0.000,1.036,19200.000,10.600,108000.000,201750.000,0.000,2030000.000,800.000,1.000,0.170,2.711,227.000,0.333,46.500,0.000,0.000,9.100,0.001
0.359,1.000,0.000,0.000,1.000,31100.000,200.000,122000.000,140750.000,0.000,612500.000,800.000,1.000,0.117,2.713,227.000,0.333,51.200,0.000,0.000,6.864,0.000
0.359,1.000,0.000,0.000,1.000,31100.000,200.000,122000.000,140750.000,0.000,612500.000,800.000,1.000,0.117,2.713,227.000,0.333,51.200,0.000,0.000,6.864,0.000
0.359,1.000,0.000,0.000,1.000,31100.000,200.000,122000.000,140750.000,0.000,612500.000,800.000,1.000,0.117,2.713,227.000,0.333,51.200,0.000,0.000,6.864,0.000
0.359,1.000,0.000,0.000,1.000,31100.000,200.000,122000.000,140750.000,0.000,612500.000,800.000,1.000,0.117,2.713,227.000,0.333,51.200,0.000,0.000,6.864,0.000
0.435,1.000,0.000,0.000,0.914,14500.000,167300.000,158000.000,8832.000,1.000,2037500.000,396.000,1.000,0.120,2.747,227.000,0.333,94.000,0.000,0.000,0.500,0.011
0.458,1.000,0.000,0.000,0.964,54600.000,200.000,122000.000,91375.000,0.000,2030000.000,800.000,1.000,0.170,2.714,227.000,0.333,52.300,0.000,0.000,0.156,0.001
0.458,1.000,0.000,0.000,0.964,54600.000,200.000,122000.000,91375.000,0.000,2030000.000,800.000,1.000,0.170,2.714,227.000,0.333,52.300,0.000,0.000,0.156,0.001
0.458,1.000,0.000,0.000,0.964,54600.000,200.000,122000.000,91375.000,0.000,2030000.000,800.000,1.000,0.170,2.714,227.000,0.333,52.300,0.000,0.000,0.156,0.001
0.458,1.000,0.000,0.000,0.964,54600.000,200.000,122000.000,91375.000,0.000,2030000.000,800.000,1.000,0.170,2.714,227.000,0.333,52.300,0.000,0.000,0.156,0.001
0.492,1.000,0.000,0.000,0.929,62100.000,167300.000,138000.000,25900.000,0.000,2510000.000,800.000,1.000,6.205,2.716,227.000,0.333,52.300,0.000,0.000,0.156,0.011
0.492,1.000,0.000,0.000,0.929,62100.000,167300.000,138000.000,25900.000,0.000,2510000.000,800.000,1.000,6.205,2.716,227.000,0.333,52.300,0.000,0.000,0.156,0.011
0.492,1.000,0.000,0.000,0.929,62100.000,167300.000,138000.000,25900.000,0.000,2510000.000,800.000,1.000,6.205,2.716,227.000,0.333,52.300,0.000,0.000,0.156,0.011
0.492,1.000,0.000,0.000,0.929,62100.000,167300.000,138000.000,25900.000,0.000,2510000.000,800.000,1.000,6.205,2.716,227.000,0.333,52.300,0.000,0.000,0.156,0.011
0.531,1.000,0.000,0.000,0.893,65600.000,200.000,158000.000,21532.250,0.000,2510000.000,800.000,0.999,6.205,2.717,227.000,0.333,56.600,0.000,0.000,0.156,0.011
0.531,1.000,0.000,0.000,0.893,65600.000,200.000,158000.000,21532.250,0.000,2510000.000,800.000,0.999,6.205,2.717,227.000,0.333,56.600,0.000,0.000,0.156,0.011
0.531,1.000,0.000,0.000,0.893,65600.000,200.000,158000.000,21532.250,0.000,2510000.000,800.000,0.999,6.205,2.717,227.000,0.333,56.600,0.000,0.000,0.156,0.011
0.531,1.000,0.000,0.000,0.893,65600.000,200.000,158000.000,21532.250,0.000,2510000.000,800.000,0.999,6.205,2.717,227.000,0.333,56.600,0.000,0.000,0.156,0.011
0.583,1.000,0.000,0.000,0.857,71300.000,200.000,158000.000,21532.250,0.000,2510000.000,800.000,0.999,6.205,2.719,227.000,0.333,46.200,0.000,0.000,6.864,0.011
0.583,1.000,0.000,0.000,0.857,71300.000,200.000,158000.000,21532.250,0.000,2510000.000,800.000,0.999,6.205,2.719,227.000,0.333,46.200,0.000,0.000,6.864,0.011
0.583,1.000,0.000,0.000,0.857,71300.000,200.000,158000.000,21532.250,0.000,2510000.000,800.000,0.999,6.205,2.719,227.000,0.333,46.200,0.000,0.000,6.864,0.011
0.583,1.000,0.000,0.000,0.857,71300.000,200.000,158000.000,21532.250,0.000,2510000.000,800.000,0.999,6.205,2.719,227.000,0.333,46.200,0.000,0.000,6.864,0.011
0.682,1.000,0.000,0.000,0.821,61900.000,167300.000,158000.000,629.000,0.000,2670000.000,800.000,0.999,6.205,2.720,227.000,0.333,40.100,0.000,0.000,0.156,0.015
0.682,1.000,0.000,0.000,0.821,61900.000,167300.000,158000.000,629.000,0.000,2670000.000,800.000,0.999,6.205,2.720,227.000,0.333,40.100,0.000,0.000,0.156,0.015
0.682,1.000,0.000,0.000,0.821,61900.000,167300.000,158000.000,629.000,0.000,2670000.000,800.000,0.999,6.205,2.720,227.000,0.333,40.100,0.000,0.000,0.156,0.015
0.682,1.000,0.000,0.000,0.821,61900.000,167300.000,158000.000,629.000,0.000,2670000.000,800.000,0.999,6.205,2.720,227.000,0.333,40.100,0.000,0.000,0.156,0.015
0.674,1.000,0.000,0.000,0.786,54800.000,200.000,158000.000,629.000,0.000,1615000.000,800.000,0.999,0.170,2.721,227.000,0.333,27.900,0.000,0.000,0.156,0.001
0.674,1.000,0.000,0.000,0.786,54800.000,200.000,158000.000,629.000,0.000,1615000.000,800.000,0.999,0.170,2.721,227.000,0.333,27.900,0.000,0.000,0.156,0.001
0.674,1.000,0.000,0.000,0.786,54800.000,200.000,158000.000,629.000,0.000,1615000.000,800.000,0.999,0.170,2.721,227.000,0.333,27.900,0.000,0.000,0.156,0.001
0.674,1.000,0.000,0.000,0.786,54800.000,200.000,158000.000,629.000,0.000,1615000.000,800.000,0.999,0.170,2.721,227.000,0.333,27.900,0.000,0.000,0.156,0.001
0.732,1.000,0.000,0.000,0.750,57100.000,200.000,158000.000,629.000,0.000,1615000.000,800.000,0.999,0.170,2.723,227.000,0.333,19.400,0.000,0.000,0.156,0.001
0.732,1.000,0.000,0.000,0.750,57100.000,200.000,158000.000,629.000,0.000,1615000.000,800.000,0.999,0.170,2.723,227.000,0.333,19.400,0.000,0.000,0.156,0.001
0.732,1.000,0.000,0.000,0.750,57100.000,200.000,158000.000,629.000,0.000,1615000.000,800.000,0.999,0.170,2.723,227.000,0.333,19.400,0.000,0.000,0.156,0.001
0.732,1.000,0.000,0.000,0.750,57100.000,200.000,158000.000,629.000,0.000,1615000.000,800.000,0.999,0.170,2.723,227.000,0.333,19.400,0.000,0.000,0.156,0.001
0.752,1.000,0.000,0.000,0.714,4300.000,223000.000,190000.000,41875.000,0.000,2670000.000,800.000,1.000,12.240,2.724,227.000,0.333,12.200,0.000,0.000,9.100,0.015
0.752,1.000,0.000,0.000,0.714,4300.000,223000.000,190000.000,41875.000,0.000,2670000.000,800.000,1.000,12.240,2.724,227.000,0.333,12.200,0.000,0.000,9.100,0.015
0.752,1.000,0.000,0.000,0.714,4300.000,223000.000,190000.000,41875.000,0.000,2670000.000,800.000,1.000,12.240,2.724,227.000,0.333,12.200,0.000,0.000,9.100,0.015
0.752,1.000,0.000,0.000,0.714,4300.000,223000.000,190000.000,41875.000,0.000,2670000.000,800.000,1.000,12.240,2.724,227.000,0.333,12.200,0.000,0.000,9.100,0.015
0.752,1.000,0.000,0.000,0.714,4300.000,223000.000,190000.000,41875.000,0.000,2670000.000,800.000,1.000,12.240,2.724,227.000,0.333,12.200,0.000,0.000,9.100,0.015
0.752,1.000,0.000,0.000,0.714,4300.000,223000.000,190000.000,41875.000,0.000,2670000.000,800.000,1.000,12.240,2.724,227.000,0.333,12.200,0.000,0.000,9.100,0.015
0.752,1.000,0.000,0.000,0.714,4300.000,223000.000,190000.000,41875.000,0.000,2670000.000,800.000,1.000,12.240,2.724,227.000,0.333,12.200,0.000,0.000,9.100,0.015
0.752,1.000,0.000,0.000,0.714,4300.000,223000.000,190000.000,41875.000,0.000,2670000.000,800.000,1.000,12.240,2.724,227.000,0.333,12.200,0.000,0.000,9.100,0.015
0.752,1.000,0.000,0.000,0.714,4300.000,223000.000,190000.000,41875.000,0.000,2670000.000,800.000,1.000,12.240,2.724,227.000,0.333,12.200,0.000,0.000,9.100,0.015
0.752,1.000,0.000,0.000,0.714,4300.000,223000.000,190000.000,41875.000,0.000,2670000.000,800.000,1.000,12.240,2.724,227.000,0.333,12.200,0.000,0.000,9.100,0.015
0.752,1.000,0.000,0.000,0.714,4300.000,223000.000,190000.000,41875.000,0.000,2670000.000,800.000,1.000,12.240,2.724,227.000,0.333,12.200,0.000,0.000,9.100,0.015
0.090,1.000,0.000,0.000,0.714,3700.000,223000.000,190000.000,87075.000,0.000,2670000.000,800.000,1.000,12.240,2.724,227.000,0.333,11.000,0.000,0.000,9.100,0.015
0.090,1.000,0.000,0.000,0.714,3700.000,223000.000,190000.000,87075.000,0.000,2670000.000,800.000,1.000,12.240,2.724,227.000,0.333,11.000,0.000,0.000,9.100,0.015
0.090,1.000,0.000,0.000,0.714,3700.000,223000.000,190000.000,87075.000,0.000,2670000.000,800.000,1.000,12.240,2.724,227.000,0.333,11.000,0.000,0.000,9.100,0.015
0.090,1.000,0.000,0.000,0.714,3700.000,223000.000,190000.000,87075.000,0.000,2670000.000,800.000,1.000,12.240,2.724,227.000,0.333,11.000,0.000,0.000,9.100,0.015
0.090,1.000,0.000,0.000,0.714,3700.000,223000.000,190000.000,87075.000,0.000,2670000.000,800.000,1.000,12.240,2.724,227.000,0.333,11.000,0.000,0.000,9.100,0.015
0.090,1.000,0.000,0.000,0.714,3700.000,223000.000,190000.000,87075.000,0.000,2670000.000,800.000,1.000,12.240,2.724,227.000,0.333,11.000,0.000,0.000,9.100,0.015
0.090,1.000,0.000,0.000,0.714,3700.000,223000.000,190000.000,87075.000,0.000,2670000.000,800.000,1.000,12.240,2.724,227.000,0.333,11.000,0.000,0.000,9.100,0.015
0.090,1.000,0.000,0.000,0.714,3700.000,223000.000,190000.000,87075.000,0.000,2670000.000,800.000,1.000,12.240,2.724,227.000,0.333,11.000,0.000,0.000,9.100,0.015
0.090,1.000,0.000,0.000,0.714,3700.000,223000.000,190000.000,87075.000,0.000,2670000.000,800.000,1.000,12.240,2.724,227.000,0.333,11.000,0.000,0.000,9.100,0.015
0.090,1.000,0.000,0.000,0.714,3700.000,223000.000,190000.000,87075.000,0.000,2670000.000,800.000,1.000,12.240,2.724,227.000,0.333,11.000,0.000,0.000,9.100,0.015
0.090,1.000,0.000,0.000,0.714,3700.000,223000.000,190000.000,87075.000,0.000,2670000.000,800.000,1.000,12.240,2.724,227.000,0.333,11.000,0.000,0.000,9.100,0.015
0.090,1.000,0.000,0.000,0.714,3700.000,223000.000,190000.000,87075.000,0.000,2670000.000,800.000,1.000,12.240,2.724,227.000,0.333,11.000,0.000,0.000,9.100,0.015
0.090,1.000,0.000,0.000,0.714,3700.000,223000.000,190000.000,87075.000,0.000,2670000.000,800.000,1.000,12.240,2.724,227.000,0.333,11.000,0.000,0.000,9.100,0.015
0.300,1.000,0.000,0.000,0.714,12000.000,223000.000,190000.000,61875.000,1.000,2670000.000,800.000,1.000,12.240,2.724,227.000,0.333,41.060,67.300,0.620,9.100,0.015
0.300,1.000,0.000,0.000,0.714,12000.000,223000.000,190000.000,61875.000,1.000,2670000.000,800.000,1.000,12.240,2.724,227.000,0.333,41.060,67.300,0.620,9.100,0.015
0.300,1.000,0.000,0.000,0.714,12000.000,223000.000,190000.000,61875.000,1.000,2670000.000,800.000,1.000,12.240,2.724,227.000,0.333,41.060,67.300,0.620,9.100,0.015
0.015,1.000,0.000,0.000,1.667,62000.000,223000.000,109800.000,108250.000,0.000,2670000.000,800.000,1.000,-15.632,2.724,227.000,0.333,65.000,0.000,0.000,0.328,0.015
0.015,1.000,0.000,0.000,1.667,62000.000,223000.000,109800.000,108250.000,0.000,2670000.000,800.000,1.000,-15.632,2.724,227.000,0.333,65.000,0.000,0.000,0.328,0.015
0.015,1.000,0.000,0.000,1.667,62000.000,223000.000,109800.000,108250.000,0.000,2670000.000,800.000,1.000,-15.632,2.724,227.000,0.333,65.000,0.000,0.000,0.328,0.015
0.015,1.000,0.000,0.000,1.667,62000.000,223000.000,109800.000,108250.000,0.000,2670000.000,800.000,1.000,-15.632,2.724,227.000,0.333,65.000,0.000,0.000,0.328,0.015
0.600,1.000,0.000,0.000,1.667,62000.000,223000.000,190000.000,25900.000,0.000,2670000.000,600.000,0.999,12.240,2.724,227.000,0.333,96.900,74.200,7.100,9.100,0.015
1.500,1.000,0.000,0.000,1.667,62000.000,223000.000,190000.000,30050.000,0.000,2670000.000,600.000,0.999,12.240,2.724,227.000,0.333,26.800,99.100,0.500,9.100,0.015
1.500,1.000,0.000,0.000,1.667,62000.000,223000.000,190000.000,30050.000,0.000,2670000.000,600.000,0.999,12.240,2.724,227.000,0.333,31.000,74.700,0.500,9.100,0.015
1.200,1.000,0.000,0.000,1.667,62000.000,223000.000,190000.000,30050.000,0.000,2670000.000,600.000,0.999,12.240,2.724,227.000,0.333,33.700,66.900,0.600,9.100,0.015
1.200,1.000,0.000,0.000,1.667,62000.000,223000.000,190000.000,30050.000,0.000,2670000.000,600.000,0.999,12.240,2.724,227.000,0.333,64.300,37.800,1.800,9.100,0.015
0.545,1.000,0.000,0.000,1.667,62000.000,223000.000,190000.000,25900.000,0.000,2670000.000,600.000,0.999,12.240,2.724,227.000,0.333,85.100,100.700,9.900,9.100,0.015
0.418,1.132,0.000,0.000,1.667,62000.000,223000.000,190000.000,41875.000,0.000,2670000.000,600.000,1.000,12.240,2.724,227.000,0.333,78.450,73.725,4.250,9.100,0.015
